--
-- PostgreSQL database cluster dump
--

SET default_transaction_read_only = off;

SET client_encoding = 'UTF8';
SET standard_conforming_strings = on;

--
-- Drop databases (except postgres and template1)
--

DROP DATABASE landing;




--
-- Drop roles
--

DROP ROLE maria;


--
-- Roles
--

CREATE ROLE maria;
ALTER ROLE maria WITH SUPERUSER INHERIT CREATEROLE CREATEDB LOGIN REPLICATION BYPASSRLS PASSWORD 'SCRAM-SHA-256$4096:UXG9f5HNoUw96RoXS0oPNQ==$g9ucEgvergedGLIerEbkLOXSGcZdCDha7QuhUCFTaGM=:mzjP7jlV67Hmm7no8GWIbzk3E28lGLv18zjEOcIpD9Y=';

--
-- User Configurations
--








--
-- Databases
--

--
-- Database "template1" dump
--

--
-- PostgreSQL database dump
--

-- Dumped from database version 17.0 (Debian 17.0-1.pgdg120+1)
-- Dumped by pg_dump version 17.0 (Debian 17.0-1.pgdg120+1)

SET statement_timeout = 0;
SET lock_timeout = 0;
SET idle_in_transaction_session_timeout = 0;
SET transaction_timeout = 0;
SET client_encoding = 'UTF8';
SET standard_conforming_strings = on;
SELECT pg_catalog.set_config('search_path', '', false);
SET check_function_bodies = false;
SET xmloption = content;
SET client_min_messages = warning;
SET row_security = off;

UPDATE pg_catalog.pg_database SET datistemplate = false WHERE datname = 'template1';
DROP DATABASE template1;
--
-- Name: template1; Type: DATABASE; Schema: -; Owner: maria
--

CREATE DATABASE template1 WITH TEMPLATE = template0 ENCODING = 'UTF8' LOCALE_PROVIDER = libc LOCALE = 'en_US.utf8';


ALTER DATABASE template1 OWNER TO maria;

\connect template1

SET statement_timeout = 0;
SET lock_timeout = 0;
SET idle_in_transaction_session_timeout = 0;
SET transaction_timeout = 0;
SET client_encoding = 'UTF8';
SET standard_conforming_strings = on;
SELECT pg_catalog.set_config('search_path', '', false);
SET check_function_bodies = false;
SET xmloption = content;
SET client_min_messages = warning;
SET row_security = off;

--
-- Name: DATABASE template1; Type: COMMENT; Schema: -; Owner: maria
--

COMMENT ON DATABASE template1 IS 'default template for new databases';


--
-- Name: template1; Type: DATABASE PROPERTIES; Schema: -; Owner: maria
--

ALTER DATABASE template1 IS_TEMPLATE = true;


\connect template1

SET statement_timeout = 0;
SET lock_timeout = 0;
SET idle_in_transaction_session_timeout = 0;
SET transaction_timeout = 0;
SET client_encoding = 'UTF8';
SET standard_conforming_strings = on;
SELECT pg_catalog.set_config('search_path', '', false);
SET check_function_bodies = false;
SET xmloption = content;
SET client_min_messages = warning;
SET row_security = off;

--
-- Name: DATABASE template1; Type: ACL; Schema: -; Owner: maria
--

REVOKE CONNECT,TEMPORARY ON DATABASE template1 FROM PUBLIC;
GRANT CONNECT ON DATABASE template1 TO PUBLIC;


--
-- PostgreSQL database dump complete
--

--
-- Database "landing" dump
--

--
-- PostgreSQL database dump
--

-- Dumped from database version 17.0 (Debian 17.0-1.pgdg120+1)
-- Dumped by pg_dump version 17.0 (Debian 17.0-1.pgdg120+1)

SET statement_timeout = 0;
SET lock_timeout = 0;
SET idle_in_transaction_session_timeout = 0;
SET transaction_timeout = 0;
SET client_encoding = 'UTF8';
SET standard_conforming_strings = on;
SELECT pg_catalog.set_config('search_path', '', false);
SET check_function_bodies = false;
SET xmloption = content;
SET client_min_messages = warning;
SET row_security = off;

--
-- Name: landing; Type: DATABASE; Schema: -; Owner: maria
--

CREATE DATABASE landing WITH TEMPLATE = template0 ENCODING = 'UTF8' LOCALE_PROVIDER = libc LOCALE = 'en_US.utf8';


ALTER DATABASE landing OWNER TO maria;

\connect landing

SET statement_timeout = 0;
SET lock_timeout = 0;
SET idle_in_transaction_session_timeout = 0;
SET transaction_timeout = 0;
SET client_encoding = 'UTF8';
SET standard_conforming_strings = on;
SELECT pg_catalog.set_config('search_path', '', false);
SET check_function_bodies = false;
SET xmloption = content;
SET client_min_messages = warning;
SET row_security = off;

SET default_tablespace = '';

SET default_table_access_method = heap;

--
-- Name: about_projects_aboutprojects; Type: TABLE; Schema: public; Owner: maria
--

CREATE TABLE public.about_projects_aboutprojects (
    id bigint NOT NULL,
    title character varying(100) NOT NULL
);


ALTER TABLE public.about_projects_aboutprojects OWNER TO maria;

--
-- Name: about_projects_aboutprojects_id_seq; Type: SEQUENCE; Schema: public; Owner: maria
--

ALTER TABLE public.about_projects_aboutprojects ALTER COLUMN id ADD GENERATED BY DEFAULT AS IDENTITY (
    SEQUENCE NAME public.about_projects_aboutprojects_id_seq
    START WITH 1
    INCREMENT BY 1
    NO MINVALUE
    NO MAXVALUE
    CACHE 1
);


--
-- Name: auth_group; Type: TABLE; Schema: public; Owner: maria
--

CREATE TABLE public.auth_group (
    id integer NOT NULL,
    name character varying(150) NOT NULL
);


ALTER TABLE public.auth_group OWNER TO maria;

--
-- Name: auth_group_id_seq; Type: SEQUENCE; Schema: public; Owner: maria
--

ALTER TABLE public.auth_group ALTER COLUMN id ADD GENERATED BY DEFAULT AS IDENTITY (
    SEQUENCE NAME public.auth_group_id_seq
    START WITH 1
    INCREMENT BY 1
    NO MINVALUE
    NO MAXVALUE
    CACHE 1
);


--
-- Name: auth_group_permissions; Type: TABLE; Schema: public; Owner: maria
--

CREATE TABLE public.auth_group_permissions (
    id bigint NOT NULL,
    group_id integer NOT NULL,
    permission_id integer NOT NULL
);


ALTER TABLE public.auth_group_permissions OWNER TO maria;

--
-- Name: auth_group_permissions_id_seq; Type: SEQUENCE; Schema: public; Owner: maria
--

ALTER TABLE public.auth_group_permissions ALTER COLUMN id ADD GENERATED BY DEFAULT AS IDENTITY (
    SEQUENCE NAME public.auth_group_permissions_id_seq
    START WITH 1
    INCREMENT BY 1
    NO MINVALUE
    NO MAXVALUE
    CACHE 1
);


--
-- Name: auth_permission; Type: TABLE; Schema: public; Owner: maria
--

CREATE TABLE public.auth_permission (
    id integer NOT NULL,
    name character varying(255) NOT NULL,
    content_type_id integer NOT NULL,
    codename character varying(100) NOT NULL
);


ALTER TABLE public.auth_permission OWNER TO maria;

--
-- Name: auth_permission_id_seq; Type: SEQUENCE; Schema: public; Owner: maria
--

ALTER TABLE public.auth_permission ALTER COLUMN id ADD GENERATED BY DEFAULT AS IDENTITY (
    SEQUENCE NAME public.auth_permission_id_seq
    START WITH 1
    INCREMENT BY 1
    NO MINVALUE
    NO MAXVALUE
    CACHE 1
);


--
-- Name: auth_user; Type: TABLE; Schema: public; Owner: maria
--

CREATE TABLE public.auth_user (
    id integer NOT NULL,
    password character varying(128) NOT NULL,
    last_login timestamp with time zone,
    is_superuser boolean NOT NULL,
    username character varying(150) NOT NULL,
    first_name character varying(150) NOT NULL,
    last_name character varying(150) NOT NULL,
    email character varying(254) NOT NULL,
    is_staff boolean NOT NULL,
    is_active boolean NOT NULL,
    date_joined timestamp with time zone NOT NULL
);


ALTER TABLE public.auth_user OWNER TO maria;

--
-- Name: auth_user_groups; Type: TABLE; Schema: public; Owner: maria
--

CREATE TABLE public.auth_user_groups (
    id bigint NOT NULL,
    user_id integer NOT NULL,
    group_id integer NOT NULL
);


ALTER TABLE public.auth_user_groups OWNER TO maria;

--
-- Name: auth_user_groups_id_seq; Type: SEQUENCE; Schema: public; Owner: maria
--

ALTER TABLE public.auth_user_groups ALTER COLUMN id ADD GENERATED BY DEFAULT AS IDENTITY (
    SEQUENCE NAME public.auth_user_groups_id_seq
    START WITH 1
    INCREMENT BY 1
    NO MINVALUE
    NO MAXVALUE
    CACHE 1
);


--
-- Name: auth_user_id_seq; Type: SEQUENCE; Schema: public; Owner: maria
--

ALTER TABLE public.auth_user ALTER COLUMN id ADD GENERATED BY DEFAULT AS IDENTITY (
    SEQUENCE NAME public.auth_user_id_seq
    START WITH 1
    INCREMENT BY 1
    NO MINVALUE
    NO MAXVALUE
    CACHE 1
);


--
-- Name: auth_user_user_permissions; Type: TABLE; Schema: public; Owner: maria
--

CREATE TABLE public.auth_user_user_permissions (
    id bigint NOT NULL,
    user_id integer NOT NULL,
    permission_id integer NOT NULL
);


ALTER TABLE public.auth_user_user_permissions OWNER TO maria;

--
-- Name: auth_user_user_permissions_id_seq; Type: SEQUENCE; Schema: public; Owner: maria
--

ALTER TABLE public.auth_user_user_permissions ALTER COLUMN id ADD GENERATED BY DEFAULT AS IDENTITY (
    SEQUENCE NAME public.auth_user_user_permissions_id_seq
    START WITH 1
    INCREMENT BY 1
    NO MINVALUE
    NO MAXVALUE
    CACHE 1
);


--
-- Name: crew_crew; Type: TABLE; Schema: public; Owner: maria
--

CREATE TABLE public.crew_crew (
    id bigint NOT NULL,
    title character varying(100) NOT NULL
);


ALTER TABLE public.crew_crew OWNER TO maria;

--
-- Name: crew_crew_id_seq; Type: SEQUENCE; Schema: public; Owner: maria
--

ALTER TABLE public.crew_crew ALTER COLUMN id ADD GENERATED BY DEFAULT AS IDENTITY (
    SEQUENCE NAME public.crew_crew_id_seq
    START WITH 1
    INCREMENT BY 1
    NO MINVALUE
    NO MAXVALUE
    CACHE 1
);


--
-- Name: crew_people; Type: TABLE; Schema: public; Owner: maria
--

CREATE TABLE public.crew_people (
    id bigint NOT NULL,
    fullname character varying(30) NOT NULL,
    description text NOT NULL,
    avatar character varying(100) NOT NULL,
    "order" integer NOT NULL,
    crew_id bigint,
    CONSTRAINT crew_people_order_check CHECK (("order" >= 0))
);


ALTER TABLE public.crew_people OWNER TO maria;

--
-- Name: crew_people_id_seq; Type: SEQUENCE; Schema: public; Owner: maria
--

ALTER TABLE public.crew_people ALTER COLUMN id ADD GENERATED BY DEFAULT AS IDENTITY (
    SEQUENCE NAME public.crew_people_id_seq
    START WITH 1
    INCREMENT BY 1
    NO MINVALUE
    NO MAXVALUE
    CACHE 1
);


--
-- Name: django_admin_log; Type: TABLE; Schema: public; Owner: maria
--

CREATE TABLE public.django_admin_log (
    id integer NOT NULL,
    action_time timestamp with time zone NOT NULL,
    object_id text,
    object_repr character varying(200) NOT NULL,
    action_flag smallint NOT NULL,
    change_message text NOT NULL,
    content_type_id integer,
    user_id integer NOT NULL,
    CONSTRAINT django_admin_log_action_flag_check CHECK ((action_flag >= 0))
);


ALTER TABLE public.django_admin_log OWNER TO maria;

--
-- Name: django_admin_log_id_seq; Type: SEQUENCE; Schema: public; Owner: maria
--

ALTER TABLE public.django_admin_log ALTER COLUMN id ADD GENERATED BY DEFAULT AS IDENTITY (
    SEQUENCE NAME public.django_admin_log_id_seq
    START WITH 1
    INCREMENT BY 1
    NO MINVALUE
    NO MAXVALUE
    CACHE 1
);


--
-- Name: django_content_type; Type: TABLE; Schema: public; Owner: maria
--

CREATE TABLE public.django_content_type (
    id integer NOT NULL,
    app_label character varying(100) NOT NULL,
    model character varying(100) NOT NULL
);


ALTER TABLE public.django_content_type OWNER TO maria;

--
-- Name: django_content_type_id_seq; Type: SEQUENCE; Schema: public; Owner: maria
--

ALTER TABLE public.django_content_type ALTER COLUMN id ADD GENERATED BY DEFAULT AS IDENTITY (
    SEQUENCE NAME public.django_content_type_id_seq
    START WITH 1
    INCREMENT BY 1
    NO MINVALUE
    NO MAXVALUE
    CACHE 1
);


--
-- Name: django_migrations; Type: TABLE; Schema: public; Owner: maria
--

CREATE TABLE public.django_migrations (
    id bigint NOT NULL,
    app character varying(255) NOT NULL,
    name character varying(255) NOT NULL,
    applied timestamp with time zone NOT NULL
);


ALTER TABLE public.django_migrations OWNER TO maria;

--
-- Name: django_migrations_id_seq; Type: SEQUENCE; Schema: public; Owner: maria
--

ALTER TABLE public.django_migrations ALTER COLUMN id ADD GENERATED BY DEFAULT AS IDENTITY (
    SEQUENCE NAME public.django_migrations_id_seq
    START WITH 1
    INCREMENT BY 1
    NO MINVALUE
    NO MAXVALUE
    CACHE 1
);


--
-- Name: django_session; Type: TABLE; Schema: public; Owner: maria
--

CREATE TABLE public.django_session (
    session_key character varying(40) NOT NULL,
    session_data text NOT NULL,
    expire_date timestamp with time zone NOT NULL
);


ALTER TABLE public.django_session OWNER TO maria;

--
-- Name: effectiveness_effectiveness; Type: TABLE; Schema: public; Owner: maria
--

CREATE TABLE public.effectiveness_effectiveness (
    id bigint NOT NULL,
    title character varying(100) NOT NULL,
    signature character varying(20) NOT NULL,
    "coverDesktop" character varying(100) NOT NULL,
    "buttonLink" character varying(200) NOT NULL,
    "buttonCaption" character varying(100) NOT NULL,
    "buttonCaptionMobile" character varying(100) NOT NULL
);


ALTER TABLE public.effectiveness_effectiveness OWNER TO maria;

--
-- Name: effectiveness_effectiveness_id_seq; Type: SEQUENCE; Schema: public; Owner: maria
--

ALTER TABLE public.effectiveness_effectiveness ALTER COLUMN id ADD GENERATED BY DEFAULT AS IDENTITY (
    SEQUENCE NAME public.effectiveness_effectiveness_id_seq
    START WITH 1
    INCREMENT BY 1
    NO MINVALUE
    NO MAXVALUE
    CACHE 1
);


--
-- Name: effectiveness_efficiencybenefit; Type: TABLE; Schema: public; Owner: maria
--

CREATE TABLE public.effectiveness_efficiencybenefit (
    id bigint NOT NULL,
    content character varying(50) NOT NULL,
    "order" integer NOT NULL,
    effectiveness_id bigint NOT NULL,
    CONSTRAINT effectiveness_efficiencybenefit_order_check CHECK (("order" >= 0))
);


ALTER TABLE public.effectiveness_efficiencybenefit OWNER TO maria;

--
-- Name: effectiveness_efficiencybenefit_id_seq; Type: SEQUENCE; Schema: public; Owner: maria
--

ALTER TABLE public.effectiveness_efficiencybenefit ALTER COLUMN id ADD GENERATED BY DEFAULT AS IDENTITY (
    SEQUENCE NAME public.effectiveness_efficiencybenefit_id_seq
    START WITH 1
    INCREMENT BY 1
    NO MINVALUE
    NO MAXVALUE
    CACHE 1
);


--
-- Name: efficiency_efficiency; Type: TABLE; Schema: public; Owner: maria
--

CREATE TABLE public.efficiency_efficiency (
    id bigint NOT NULL,
    title character varying(100) NOT NULL,
    signature character varying(20) NOT NULL,
    "coverDesktop" character varying(100) NOT NULL,
    "buttonLink" character varying(200) NOT NULL,
    "buttonCaption" character varying(100) NOT NULL
);


ALTER TABLE public.efficiency_efficiency OWNER TO maria;

--
-- Name: efficiency_efficiency_id_seq; Type: SEQUENCE; Schema: public; Owner: maria
--

ALTER TABLE public.efficiency_efficiency ALTER COLUMN id ADD GENERATED BY DEFAULT AS IDENTITY (
    SEQUENCE NAME public.efficiency_efficiency_id_seq
    START WITH 1
    INCREMENT BY 1
    NO MINVALUE
    NO MAXVALUE
    CACHE 1
);


--
-- Name: efficiency_efficiencybenefit; Type: TABLE; Schema: public; Owner: maria
--

CREATE TABLE public.efficiency_efficiencybenefit (
    id bigint NOT NULL,
    content character varying(50) NOT NULL,
    "order" integer NOT NULL,
    efficiency_id bigint NOT NULL,
    CONSTRAINT efficiency_efficiencybenefit_order_check CHECK (("order" >= 0))
);


ALTER TABLE public.efficiency_efficiencybenefit OWNER TO maria;

--
-- Name: efficiency_efficiencybenefit_id_seq; Type: SEQUENCE; Schema: public; Owner: maria
--

ALTER TABLE public.efficiency_efficiencybenefit ALTER COLUMN id ADD GENERATED BY DEFAULT AS IDENTITY (
    SEQUENCE NAME public.efficiency_efficiencybenefit_id_seq
    START WITH 1
    INCREMENT BY 1
    NO MINVALUE
    NO MAXVALUE
    CACHE 1
);


--
-- Name: footer_footercaption; Type: TABLE; Schema: public; Owner: maria
--

CREATE TABLE public.footer_footercaption (
    id bigint NOT NULL,
    caption text NOT NULL
);


ALTER TABLE public.footer_footercaption OWNER TO maria;

--
-- Name: footer_footercaption_id_seq; Type: SEQUENCE; Schema: public; Owner: maria
--

ALTER TABLE public.footer_footercaption ALTER COLUMN id ADD GENERATED BY DEFAULT AS IDENTITY (
    SEQUENCE NAME public.footer_footercaption_id_seq
    START WITH 1
    INCREMENT BY 1
    NO MINVALUE
    NO MAXVALUE
    CACHE 1
);


--
-- Name: footer_linksforadvertising; Type: TABLE; Schema: public; Owner: maria
--

CREATE TABLE public.footer_linksforadvertising (
    id bigint NOT NULL,
    caption character varying(40) NOT NULL,
    value character varying NOT NULL,
    url character varying NOT NULL,
    "order" integer NOT NULL,
    CONSTRAINT footer_linksforadvertising_order_check CHECK (("order" >= 0))
);


ALTER TABLE public.footer_linksforadvertising OWNER TO maria;

--
-- Name: footer_linksforadvertising_id_seq; Type: SEQUENCE; Schema: public; Owner: maria
--

ALTER TABLE public.footer_linksforadvertising ALTER COLUMN id ADD GENERATED BY DEFAULT AS IDENTITY (
    SEQUENCE NAME public.footer_linksforadvertising_id_seq
    START WITH 1
    INCREMENT BY 1
    NO MINVALUE
    NO MAXVALUE
    CACHE 1
);


--
-- Name: footer_linksforcontact; Type: TABLE; Schema: public; Owner: maria
--

CREATE TABLE public.footer_linksforcontact (
    id bigint NOT NULL,
    caption character varying(40) NOT NULL,
    value character varying NOT NULL,
    url character varying NOT NULL,
    "order" integer NOT NULL,
    CONSTRAINT footer_linksforcontact_order_check CHECK (("order" >= 0))
);


ALTER TABLE public.footer_linksforcontact OWNER TO maria;

--
-- Name: footer_linksforcontact_id_seq; Type: SEQUENCE; Schema: public; Owner: maria
--

ALTER TABLE public.footer_linksforcontact ALTER COLUMN id ADD GENERATED BY DEFAULT AS IDENTITY (
    SEQUENCE NAME public.footer_linksforcontact_id_seq
    START WITH 1
    INCREMENT BY 1
    NO MINVALUE
    NO MAXVALUE
    CACHE 1
);


--
-- Name: general_metrika; Type: TABLE; Schema: public; Owner: maria
--

CREATE TABLE public.general_metrika (
    id bigint NOT NULL,
    script text NOT NULL
);


ALTER TABLE public.general_metrika OWNER TO maria;

--
-- Name: general_metrika_id_seq; Type: SEQUENCE; Schema: public; Owner: maria
--

ALTER TABLE public.general_metrika ALTER COLUMN id ADD GENERATED BY DEFAULT AS IDENTITY (
    SEQUENCE NAME public.general_metrika_id_seq
    START WITH 1
    INCREMENT BY 1
    NO MINVALUE
    NO MAXVALUE
    CACHE 1
);


--
-- Name: general_seo; Type: TABLE; Schema: public; Owner: maria
--

CREATE TABLE public.general_seo (
    id bigint NOT NULL,
    "ogType" character varying(30) NOT NULL,
    "ogTitle" character varying(70) NOT NULL,
    "ogUrl" character varying(200) NOT NULL,
    "ogImage" character varying(100) NOT NULL,
    "ogDescription" text NOT NULL
);


ALTER TABLE public.general_seo OWNER TO maria;

--
-- Name: general_seo_id_seq; Type: SEQUENCE; Schema: public; Owner: maria
--

ALTER TABLE public.general_seo ALTER COLUMN id ADD GENERATED BY DEFAULT AS IDENTITY (
    SEQUENCE NAME public.general_seo_id_seq
    START WITH 1
    INCREMENT BY 1
    NO MINVALUE
    NO MAXVALUE
    CACHE 1
);


--
-- Name: header_contactradio; Type: TABLE; Schema: public; Owner: maria
--

CREATE TABLE public.header_contactradio (
    id bigint NOT NULL,
    "whatsappUrl" character varying(200) NOT NULL,
    "telegramUrl" character varying(200) NOT NULL,
    "displayedPhoneNumber" character varying(20) NOT NULL,
    "phoneNumber" character varying(11) NOT NULL,
    "radioSrc" character varying(200) NOT NULL
);


ALTER TABLE public.header_contactradio OWNER TO maria;

--
-- Name: header_contactradio_id_seq; Type: SEQUENCE; Schema: public; Owner: maria
--

ALTER TABLE public.header_contactradio ALTER COLUMN id ADD GENERATED BY DEFAULT AS IDENTITY (
    SEQUENCE NAME public.header_contactradio_id_seq
    START WITH 1
    INCREMENT BY 1
    NO MINVALUE
    NO MAXVALUE
    CACHE 1
);


--
-- Name: header_navlink; Type: TABLE; Schema: public; Owner: maria
--

CREATE TABLE public.header_navlink (
    id bigint NOT NULL,
    caption character varying(30) NOT NULL,
    url character varying NOT NULL,
    "order" integer NOT NULL,
    CONSTRAINT header_navlink_order_check CHECK (("order" >= 0))
);


ALTER TABLE public.header_navlink OWNER TO maria;

--
-- Name: header_navlink_id_seq; Type: SEQUENCE; Schema: public; Owner: maria
--

ALTER TABLE public.header_navlink ALTER COLUMN id ADD GENERATED BY DEFAULT AS IDENTITY (
    SEQUENCE NAME public.header_navlink_id_seq
    START WITH 1
    INCREMENT BY 1
    NO MINVALUE
    NO MAXVALUE
    CACHE 1
);


--
-- Name: header_orderadvertising; Type: TABLE; Schema: public; Owner: maria
--

CREATE TABLE public.header_orderadvertising (
    id bigint NOT NULL,
    caption character varying(30) NOT NULL,
    url character varying NOT NULL
);


ALTER TABLE public.header_orderadvertising OWNER TO maria;

--
-- Name: header_orderadvertising_id_seq; Type: SEQUENCE; Schema: public; Owner: maria
--

ALTER TABLE public.header_orderadvertising ALTER COLUMN id ADD GENERATED BY DEFAULT AS IDENTITY (
    SEQUENCE NAME public.header_orderadvertising_id_seq
    START WITH 1
    INCREMENT BY 1
    NO MINVALUE
    NO MAXVALUE
    CACHE 1
);


--
-- Name: media_school_mediaschool; Type: TABLE; Schema: public; Owner: maria
--

CREATE TABLE public.media_school_mediaschool (
    id bigint NOT NULL,
    title character varying(100) NOT NULL,
    description text NOT NULL,
    "coverDesktop" character varying(100) NOT NULL,
    "buttonLink" character varying(200) NOT NULL,
    "buttonCaption" character varying(20) NOT NULL
);


ALTER TABLE public.media_school_mediaschool OWNER TO maria;

--
-- Name: media_school_mediaschool_id_seq; Type: SEQUENCE; Schema: public; Owner: maria
--

ALTER TABLE public.media_school_mediaschool ALTER COLUMN id ADD GENERATED BY DEFAULT AS IDENTITY (
    SEQUENCE NAME public.media_school_mediaschool_id_seq
    START WITH 1
    INCREMENT BY 1
    NO MINVALUE
    NO MAXVALUE
    CACHE 1
);


--
-- Name: projects_project; Type: TABLE; Schema: public; Owner: maria
--

CREATE TABLE public.projects_project (
    id bigint NOT NULL,
    title character varying(30) NOT NULL,
    description text NOT NULL,
    "coverMobile" character varying(100) NOT NULL,
    "coverDesktop" character varying(100) NOT NULL,
    "order" integer NOT NULL,
    CONSTRAINT projects_project_order_check CHECK (("order" >= 0))
);


ALTER TABLE public.projects_project OWNER TO maria;

--
-- Name: projects_project_id_seq; Type: SEQUENCE; Schema: public; Owner: maria
--

ALTER TABLE public.projects_project ALTER COLUMN id ADD GENERATED BY DEFAULT AS IDENTITY (
    SEQUENCE NAME public.projects_project_id_seq
    START WITH 1
    INCREMENT BY 1
    NO MINVALUE
    NO MAXVALUE
    CACHE 1
);


--
-- Name: radio_radio; Type: TABLE; Schema: public; Owner: maria
--

CREATE TABLE public.radio_radio (
    id bigint NOT NULL,
    title character varying(100) NOT NULL,
    description text NOT NULL,
    cover_desktop character varying(100) NOT NULL
);


ALTER TABLE public.radio_radio OWNER TO maria;

--
-- Name: radio_radio_id_seq; Type: SEQUENCE; Schema: public; Owner: maria
--

ALTER TABLE public.radio_radio ALTER COLUMN id ADD GENERATED BY DEFAULT AS IDENTITY (
    SEQUENCE NAME public.radio_radio_id_seq
    START WITH 1
    INCREMENT BY 1
    NO MINVALUE
    NO MAXVALUE
    CACHE 1
);


--
-- Name: radio_radiobadge; Type: TABLE; Schema: public; Owner: maria
--

CREATE TABLE public.radio_radiobadge (
    id bigint NOT NULL,
    title character varying(20) NOT NULL,
    caption character varying(40) NOT NULL,
    "order" integer NOT NULL,
    radio_id bigint NOT NULL,
    CONSTRAINT radio_radiobadge_order_check CHECK (("order" >= 0))
);


ALTER TABLE public.radio_radiobadge OWNER TO maria;

--
-- Name: radio_radiobadge_id_seq; Type: SEQUENCE; Schema: public; Owner: maria
--

ALTER TABLE public.radio_radiobadge ALTER COLUMN id ADD GENERATED BY DEFAULT AS IDENTITY (
    SEQUENCE NAME public.radio_radiobadge_id_seq
    START WITH 1
    INCREMENT BY 1
    NO MINVALUE
    NO MAXVALUE
    CACHE 1
);


--
-- Name: radio_radioplaque; Type: TABLE; Schema: public; Owner: maria
--

CREATE TABLE public.radio_radioplaque (
    id bigint NOT NULL,
    text character varying(60) NOT NULL,
    "order" integer NOT NULL,
    radio_id bigint NOT NULL,
    CONSTRAINT radio_radioplaque_order_check CHECK (("order" >= 0))
);


ALTER TABLE public.radio_radioplaque OWNER TO maria;

--
-- Name: radio_radioplaque_id_seq; Type: SEQUENCE; Schema: public; Owner: maria
--

ALTER TABLE public.radio_radioplaque ALTER COLUMN id ADD GENERATED BY DEFAULT AS IDENTITY (
    SEQUENCE NAME public.radio_radioplaque_id_seq
    START WITH 1
    INCREMENT BY 1
    NO MINVALUE
    NO MAXVALUE
    CACHE 1
);


--
-- Name: team_people; Type: TABLE; Schema: public; Owner: maria
--

CREATE TABLE public.team_people (
    id bigint NOT NULL,
    fullname character varying(30) NOT NULL,
    description text NOT NULL,
    avatar character varying(100) NOT NULL,
    "order" integer NOT NULL,
    team_id bigint NOT NULL,
    CONSTRAINT team_people_order_check CHECK (("order" >= 0))
);


ALTER TABLE public.team_people OWNER TO maria;

--
-- Name: team_people_id_seq; Type: SEQUENCE; Schema: public; Owner: maria
--

ALTER TABLE public.team_people ALTER COLUMN id ADD GENERATED BY DEFAULT AS IDENTITY (
    SEQUENCE NAME public.team_people_id_seq
    START WITH 1
    INCREMENT BY 1
    NO MINVALUE
    NO MAXVALUE
    CACHE 1
);


--
-- Name: team_team; Type: TABLE; Schema: public; Owner: maria
--

CREATE TABLE public.team_team (
    id bigint NOT NULL,
    title character varying(100) NOT NULL
);


ALTER TABLE public.team_team OWNER TO maria;

--
-- Name: team_team_id_seq; Type: SEQUENCE; Schema: public; Owner: maria
--

ALTER TABLE public.team_team ALTER COLUMN id ADD GENERATED BY DEFAULT AS IDENTITY (
    SEQUENCE NAME public.team_team_id_seq
    START WITH 1
    INCREMENT BY 1
    NO MINVALUE
    NO MAXVALUE
    CACHE 1
);


--
-- Data for Name: about_projects_aboutprojects; Type: TABLE DATA; Schema: public; Owner: maria
--

COPY public.about_projects_aboutprojects (id, title) FROM stdin;
1	О проектах
\.


--
-- Data for Name: auth_group; Type: TABLE DATA; Schema: public; Owner: maria
--

COPY public.auth_group (id, name) FROM stdin;
\.


--
-- Data for Name: auth_group_permissions; Type: TABLE DATA; Schema: public; Owner: maria
--

COPY public.auth_group_permissions (id, group_id, permission_id) FROM stdin;
\.


--
-- Data for Name: auth_permission; Type: TABLE DATA; Schema: public; Owner: maria
--

COPY public.auth_permission (id, name, content_type_id, codename) FROM stdin;
1	Can add log entry	1	add_logentry
2	Can change log entry	1	change_logentry
3	Can delete log entry	1	delete_logentry
4	Can view log entry	1	view_logentry
5	Can add permission	2	add_permission
6	Can change permission	2	change_permission
7	Can delete permission	2	delete_permission
8	Can view permission	2	view_permission
9	Can add group	3	add_group
10	Can change group	3	change_group
11	Can delete group	3	delete_group
12	Can view group	3	view_group
13	Can add user	4	add_user
14	Can change user	4	change_user
15	Can delete user	4	delete_user
16	Can view user	4	view_user
17	Can add content type	5	add_contenttype
18	Can change content type	5	change_contenttype
19	Can delete content type	5	delete_contenttype
20	Can view content type	5	view_contenttype
21	Can add session	6	add_session
22	Can change session	6	change_session
23	Can delete session	6	delete_session
24	Can view session	6	view_session
25	Can add Проект	7	add_project
26	Can change Проект	7	change_project
27	Can delete Проект	7	delete_project
28	Can view Проект	7	view_project
29	Can add Член команды	8	add_people
30	Can change Член команды	8	change_people
31	Can delete Член команды	8	delete_people
32	Can view Член команды	8	view_people
33	Can add SEO	9	add_seo
34	Can change SEO	9	change_seo
35	Can delete SEO	9	delete_seo
36	Can view SEO	9	view_seo
37	Can add Секция "Контакты и радио"	10	add_contactradio
38	Can change Секция "Контакты и радио"	10	change_contactradio
39	Can delete Секция "Контакты и радио"	10	delete_contactradio
40	Can view Секция "Контакты и радио"	10	view_contactradio
41	Can add Ссылка навигации	11	add_navlink
42	Can change Ссылка навигации	11	change_navlink
43	Can delete Ссылка навигации	11	delete_navlink
44	Can view Ссылка навигации	11	view_navlink
45	Can add Ссылка для рекламы	12	add_linksforadvertising
46	Can change Ссылка для рекламы	12	change_linksforadvertising
47	Can delete Ссылка для рекламы	12	delete_linksforadvertising
48	Can view Ссылка для рекламы	12	view_linksforadvertising
49	Can add Ссылка для контактов	13	add_linksforcontact
50	Can change Ссылка для контактов	13	change_linksforcontact
51	Can delete Ссылка для контактов	13	delete_linksforcontact
52	Can view Ссылка для контактов	13	view_linksforcontact
53	Can add Общие настройки: кнопка заказа рекламы	14	add_orderadvertising
54	Can change Общие настройки: кнопка заказа рекламы	14	change_orderadvertising
55	Can delete Общие настройки: кнопка заказа рекламы	14	delete_orderadvertising
56	Can view Общие настройки: кнопка заказа рекламы	14	view_orderadvertising
57	Can add Общие настройки: проект	15	add_project
58	Can change Общие настройки: проект	15	change_project
59	Can delete Общие настройки: проект	15	delete_project
60	Can view Общие настройки: проект	15	view_project
61	Can add SEO	16	add_seo
62	Can change SEO	16	change_seo
63	Can delete SEO	16	delete_seo
64	Can view SEO	16	view_seo
65	Can add Проект	17	add_project
66	Can change Проект	17	change_project
67	Can delete Проект	17	delete_project
68	Can view Проект	17	view_project
69	Can add Контакты и радио	18	add_contactradio
70	Can change Контакты и радио	18	change_contactradio
71	Can delete Контакты и радио	18	delete_contactradio
72	Can view Контакты и радио	18	view_contactradio
73	Can add Ссылка навигации	19	add_navlink
74	Can change Ссылка навигации	19	change_navlink
75	Can delete Ссылка навигации	19	delete_navlink
76	Can view Ссылка навигации	19	view_navlink
77	Can add Кнопка заказа рекламы	20	add_orderadvertising
78	Can change Кнопка заказа рекламы	20	change_orderadvertising
79	Can delete Кнопка заказа рекламы	20	delete_orderadvertising
80	Can view Кнопка заказа рекламы	20	view_orderadvertising
81	Can add team	21	add_team
82	Can change team	21	change_team
83	Can delete team	21	delete_team
84	Can view team	21	view_team
85	Can add Член команды	22	add_people
86	Can change Член команды	22	change_people
87	Can delete Член команды	22	delete_people
88	Can view Член команды	22	view_people
89	Can add Ссылка для рекламы	23	add_linksforadvertising
90	Can change Ссылка для рекламы	23	change_linksforadvertising
91	Can delete Ссылка для рекламы	23	delete_linksforadvertising
92	Can view Ссылка для рекламы	23	view_linksforadvertising
93	Can add Ссылка для контактов	24	add_linksforcontact
94	Can change Ссылка для контактов	24	change_linksforcontact
95	Can delete Ссылка для контактов	24	delete_linksforcontact
96	Can view Ссылка для контактов	24	view_linksforcontact
97	Can add Подпись	25	add_footercaption
98	Can change Подпись	25	change_footercaption
99	Can delete Подпись	25	delete_footercaption
100	Can view Подпись	25	view_footercaption
101	Can add Заголовок	26	add_aboutprojects
102	Can change Заголовок	26	change_aboutprojects
103	Can delete Заголовок	26	delete_aboutprojects
104	Can view Заголовок	26	view_aboutprojects
105	Can add Контент	27	add_mediaschool
106	Can change Контент	27	change_mediaschool
107	Can delete Контент	27	delete_mediaschool
108	Can view Контент	27	view_mediaschool
109	Can add Бейдж с выгодой	28	add_efficiencybenefit
110	Can change Бейдж с выгодой	28	change_efficiencybenefit
111	Can delete Бейдж с выгодой	28	delete_efficiencybenefit
112	Can view Бейдж с выгодой	28	view_efficiencybenefit
113	Can add Контент	29	add_efficiency
114	Can change Контент	29	change_efficiency
115	Can delete Контент	29	delete_efficiency
116	Can view Контент	29	view_efficiency
117	Can add Контент	30	add_effectivenessad
118	Can change Контент	30	change_effectivenessad
119	Can delete Контент	30	delete_effectivenessad
120	Can view Контент	30	view_effectivenessad
121	Can add Контент	31	add_effectiveness
122	Can change Контент	31	change_effectiveness
123	Can delete Контент	31	delete_effectiveness
124	Can view Контент	31	view_effectiveness
125	Can add Контент	32	add_effectiveness
126	Can change Контент	32	change_effectiveness
127	Can delete Контент	32	delete_effectiveness
128	Can view Контент	32	view_effectiveness
129	Can add Бейдж с выгодой	33	add_efficiencybenefit
130	Can change Бейдж с выгодой	33	change_efficiencybenefit
131	Can delete Бейдж с выгодой	33	delete_efficiencybenefit
132	Can view Бейдж с выгодой	33	view_efficiencybenefit
133	Can add Бейдж	34	add_radiobadge
134	Can change Бейдж	34	change_radiobadge
135	Can delete Бейдж	34	delete_radiobadge
136	Can view Бейдж	34	view_radiobadge
137	Can add Контент	35	add_radio
138	Can change Контент	35	change_radio
139	Can delete Контент	35	delete_radio
140	Can view Контент	35	view_radio
141	Can add Плашка	36	add_radioplaque
142	Can change Плашка	36	change_radioplaque
143	Can delete Плашка	36	delete_radioplaque
144	Can view Плашка	36	view_radioplaque
145	Can add Член команды	37	add_people
146	Can change Член команды	37	change_people
147	Can delete Член команды	37	delete_people
148	Can view Член команды	37	view_people
149	Can add Контент	38	add_crew
150	Can change Контент	38	change_crew
151	Can delete Контент	38	delete_crew
152	Can view Контент	38	view_crew
153	Can add Метрика	39	add_metrika
154	Can change Метрика	39	change_metrika
155	Can delete Метрика	39	delete_metrika
156	Can view Метрика	39	view_metrika
\.


--
-- Data for Name: auth_user; Type: TABLE DATA; Schema: public; Owner: maria
--

COPY public.auth_user (id, password, last_login, is_superuser, username, first_name, last_name, email, is_staff, is_active, date_joined) FROM stdin;
1	pbkdf2_sha256$870000$BgpU03Xi6CAzF9Be4hajyR$iecGHtuVaYb3q5Er0dvIMfDFll4Rg0ZvFSJ12KIDoTE=	2024-10-23 16:46:19.837258+00	t	vlad			vlad.kotelnikov1100@mail.ru	t	t	2024-10-09 10:50:48.208121+00
\.


--
-- Data for Name: auth_user_groups; Type: TABLE DATA; Schema: public; Owner: maria
--

COPY public.auth_user_groups (id, user_id, group_id) FROM stdin;
\.


--
-- Data for Name: auth_user_user_permissions; Type: TABLE DATA; Schema: public; Owner: maria
--

COPY public.auth_user_user_permissions (id, user_id, permission_id) FROM stdin;
\.


--
-- Data for Name: crew_crew; Type: TABLE DATA; Schema: public; Owner: maria
--

COPY public.crew_crew (id, title) FROM stdin;
1	команда
\.


--
-- Data for Name: crew_people; Type: TABLE DATA; Schema: public; Owner: maria
--

COPY public.crew_people (id, fullname, description, avatar, "order", crew_id) FROM stdin;
2	Влад Смирнов	Радиоведущий с 10-летним стажем, один из лучших голосов страны по итогам всероссийских конкурсов	Mask_group-1_BKAkYSP.webp	1	1
3	Алексей Баталов	Бессменный ведущий утреннего шоу, больше 10 лет делает утро кировчан и жителей области душевнее	Mask_group1_bNfFYHa.webp	2	1
4	Оля Бакина	Ведущая утреннего шоу Самые первые на Мария FM. Больше 5 лет справляется с прямым эфиром похохатывая	Mask_group1_EJ6Cox4.webp	4	1
5	Дмитрий Целищев	Ведущий утреннего шоу Самые первые на Мария FM. С легкостью перемещается с микрофоном из радиостудии на концертные площадки города	Mask_group_PxKwl6G.webp	5	1
1	Михаил Анненков	Генеральный директор радиостанции Мария FM\r\n20 лет вдохновляет радио на развитие	Mask_group-2_2o4AFA6.webp	0	1
\.


--
-- Data for Name: django_admin_log; Type: TABLE DATA; Schema: public; Owner: maria
--

COPY public.django_admin_log (id, action_time, object_id, object_repr, action_flag, change_message, content_type_id, user_id) FROM stdin;
1	2024-10-09 10:51:10.124727+00	1	Новости	1	[{"added": {}}]	11	1
2	2024-10-09 10:51:23.319655+00	2	О радио	1	[{"added": {}}]	11	1
3	2024-10-10 15:58:46.493264+00	1	Адрес офиса	1	[{"added": {}}]	13	1
4	2024-10-10 15:59:11.210879+00	2	Служба новостей/программный отдел:	1	[{"added": {}}]	13	1
5	2024-10-10 15:59:39.558572+00	3	Редакция	1	[{"added": {}}]	13	1
6	2024-10-10 15:59:56.030761+00	4	Рекламный отдел	1	[{"added": {}}]	13	1
7	2024-10-10 16:00:15.110669+00	4	Рекламный отдел	3		13	1
8	2024-10-10 16:00:21.910697+00	2	Служба новостей/программный отдел	2	[{"changed": {"fields": ["\\u041d\\u0430\\u0437\\u0432\\u0430\\u043d\\u0438\\u0435 \\u0441\\u0441\\u044b\\u043b\\u043a\\u0438"]}}]	13	1
9	2024-10-10 16:00:50.799269+00	1	Рекламный отдел	1	[{"added": {}}]	12	1
10	2024-10-10 16:01:08.313275+00	2	Реклама на радио	1	[{"added": {}}]	12	1
11	2024-10-10 16:01:27.694414+00	3	Viber WhatsApp Telegram	1	[{"added": {}}]	12	1
12	2024-10-10 17:02:01.361573+00	1	Общие настройки: кнопка заказа рекламы	1	[{"added": {}}]	14	1
13	2024-10-13 08:57:56.494882+00	1	Самые первые на Мария FM	1	[{"added": {}}]	7	1
14	2024-10-13 08:58:25.256956+00	2	Вечерний канал	1	[{"added": {}}]	7	1
15	2024-10-13 08:59:51.68494+00	3	Кавер-шоу	1	[{"added": {}}]	7	1
16	2024-10-13 09:00:27.795269+00	4	Пятничный разогрев	1	[{"added": {}}]	7	1
17	2024-10-13 09:01:55.324281+00	1	Общие настройки: SEO	1	[{"added": {}}]	9	1
18	2024-10-13 09:02:52.707582+00	1	Секция "Контакты и радио"	1	[{"added": {}}]	10	1
19	2024-10-13 09:03:51.781037+00	3	Контакты	1	[{"added": {}}]	11	1
20	2024-10-13 09:04:13.347441+00	4	Проекты	1	[{"added": {}}]	11	1
21	2024-10-13 09:04:41.267761+00	5	Школа медиа	1	[{"added": {}}]	11	1
22	2024-10-13 09:05:20.980098+00	6	Команда	1	[{"added": {}}]	11	1
23	2024-10-13 09:06:39.087256+00	1	Михаил Анненков	1	[{"added": {}}]	8	1
24	2024-10-13 09:07:00.135662+00	2	Влад Смирнов	1	[{"added": {}}]	8	1
25	2024-10-13 09:07:20.175937+00	3	Алексей Баталов	1	[{"added": {}}]	8	1
26	2024-10-15 15:51:17.5943+00	4	Пятничный разогрев	2	[{"changed": {"fields": ["\\u041e\\u0431\\u043b\\u043e\\u0436\\u043a\\u0430 \\u0434\\u043b\\u044f \\u043c\\u043e\\u0431\\u0438\\u043b\\u044c\\u043d\\u044b\\u0439 \\u0443\\u0441\\u0442\\u0440\\u043e\\u0439\\u0441\\u0442\\u0432", "\\u041e\\u0431\\u043b\\u043e\\u0436\\u043a\\u0430 \\u0434\\u043b\\u044f \\u043a\\u043e\\u043c\\u043f\\u044c\\u044e\\u0442\\u0435\\u0440\\u043d\\u044b\\u0445 \\u0443\\u0441\\u0442\\u0440\\u043e\\u0439\\u0441\\u0442\\u0432"]}}]	7	1
27	2024-10-15 15:51:36.314698+00	3	Кавер-шоу	2	[{"changed": {"fields": ["\\u041e\\u0431\\u043b\\u043e\\u0436\\u043a\\u0430 \\u0434\\u043b\\u044f \\u043c\\u043e\\u0431\\u0438\\u043b\\u044c\\u043d\\u044b\\u0439 \\u0443\\u0441\\u0442\\u0440\\u043e\\u0439\\u0441\\u0442\\u0432", "\\u041e\\u0431\\u043b\\u043e\\u0436\\u043a\\u0430 \\u0434\\u043b\\u044f \\u043a\\u043e\\u043c\\u043f\\u044c\\u044e\\u0442\\u0435\\u0440\\u043d\\u044b\\u0445 \\u0443\\u0441\\u0442\\u0440\\u043e\\u0439\\u0441\\u0442\\u0432"]}}]	7	1
28	2024-10-15 15:51:46.348596+00	1	Самые первые на Мария FM	2	[{"changed": {"fields": ["\\u041e\\u0431\\u043b\\u043e\\u0436\\u043a\\u0430 \\u0434\\u043b\\u044f \\u043c\\u043e\\u0431\\u0438\\u043b\\u044c\\u043d\\u044b\\u0439 \\u0443\\u0441\\u0442\\u0440\\u043e\\u0439\\u0441\\u0442\\u0432", "\\u041e\\u0431\\u043b\\u043e\\u0436\\u043a\\u0430 \\u0434\\u043b\\u044f \\u043a\\u043e\\u043c\\u043f\\u044c\\u044e\\u0442\\u0435\\u0440\\u043d\\u044b\\u0445 \\u0443\\u0441\\u0442\\u0440\\u043e\\u0439\\u0441\\u0442\\u0432"]}}]	7	1
29	2024-10-15 15:52:07.102196+00	2	Вечерний канал	2	[{"changed": {"fields": ["\\u041e\\u0431\\u043b\\u043e\\u0436\\u043a\\u0430 \\u0434\\u043b\\u044f \\u043c\\u043e\\u0431\\u0438\\u043b\\u044c\\u043d\\u044b\\u0439 \\u0443\\u0441\\u0442\\u0440\\u043e\\u0439\\u0441\\u0442\\u0432", "\\u041e\\u0431\\u043b\\u043e\\u0436\\u043a\\u0430 \\u0434\\u043b\\u044f \\u043a\\u043e\\u043c\\u043f\\u044c\\u044e\\u0442\\u0435\\u0440\\u043d\\u044b\\u0445 \\u0443\\u0441\\u0442\\u0440\\u043e\\u0439\\u0441\\u0442\\u0432"]}}]	7	1
30	2024-10-15 16:30:07.283492+00	1	SEO	1	[{"added": {}}]	16	1
31	2024-10-15 16:30:54.029045+00	1	Самые первые на Мария FM	1	[{"added": {}}]	17	1
32	2024-10-15 16:31:18.646424+00	2	Вечерний канал	1	[{"added": {}}]	17	1
33	2024-10-15 16:31:41.005799+00	3	Кавер-шоу	1	[{"added": {}}]	17	1
34	2024-10-15 16:32:04.00285+00	4	Пятничный разогрев	1	[{"added": {}}]	17	1
35	2024-10-15 16:32:14.434822+00	4	Пятничный разогрев	2	[{"changed": {"fields": ["\\u041f\\u043e\\u0440\\u044f\\u0434\\u043a\\u043e\\u0432\\u044b\\u0439 \\u043d\\u043e\\u043c\\u0435\\u0440 \\u043e\\u0442\\u043e\\u0431\\u0440\\u0430\\u0436\\u0435\\u043d\\u0438\\u044f"]}}]	17	1
36	2024-10-15 16:47:51.290831+00	1	Кнопка заказа рекламы	1	[{"added": {}}]	20	1
37	2024-10-15 16:48:29.032758+00	1	Контакты и радио	1	[{"added": {}}]	18	1
38	2024-10-15 16:48:54.037624+00	1	Контакты	1	[{"added": {}}]	19	1
39	2024-10-15 16:49:46.070205+00	2	Проекты	1	[{"added": {}}]	19	1
40	2024-10-15 16:50:00.365922+00	3	Школа медиа	1	[{"added": {}}]	19	1
41	2024-10-15 16:50:42.760905+00	4	Команда	1	[{"added": {}}]	19	1
42	2024-10-15 16:50:56.008944+00	5	О радио	1	[{"added": {}}]	19	1
43	2024-10-15 16:51:14.944943+00	6	Новости	1	[{"added": {}}]	19	1
44	2024-10-15 16:51:31.440664+00	6	Новости	2	[{"changed": {"fields": ["\\u041f\\u043e\\u0440\\u044f\\u0434\\u043a\\u043e\\u0432\\u044b\\u0439 \\u043d\\u043e\\u043c\\u0435\\u0440 \\u043e\\u0442\\u043e\\u0431\\u0440\\u0430\\u0436\\u0435\\u043d\\u0438\\u044f"]}}]	19	1
45	2024-10-15 16:51:48.672935+00	5	О радио	2	[{"changed": {"fields": ["\\u041f\\u043e\\u0440\\u044f\\u0434\\u043a\\u043e\\u0432\\u044b\\u0439 \\u043d\\u043e\\u043c\\u0435\\u0440 \\u043e\\u0442\\u043e\\u0431\\u0440\\u0430\\u0436\\u0435\\u043d\\u0438\\u044f"]}}]	19	1
46	2024-10-15 16:51:59.57216+00	4	Команда	2	[]	19	1
47	2024-10-15 16:52:02.708837+00	4	Команда	2	[{"changed": {"fields": ["\\u041f\\u043e\\u0440\\u044f\\u0434\\u043a\\u043e\\u0432\\u044b\\u0439 \\u043d\\u043e\\u043c\\u0435\\u0440 \\u043e\\u0442\\u043e\\u0431\\u0440\\u0430\\u0436\\u0435\\u043d\\u0438\\u044f"]}}]	19	1
48	2024-10-15 16:52:10.502062+00	3	Школа медиа	2	[{"changed": {"fields": ["\\u041f\\u043e\\u0440\\u044f\\u0434\\u043a\\u043e\\u0432\\u044b\\u0439 \\u043d\\u043e\\u043c\\u0435\\u0440 \\u043e\\u0442\\u043e\\u0431\\u0440\\u0430\\u0436\\u0435\\u043d\\u0438\\u044f"]}}]	19	1
49	2024-10-15 16:52:16.716402+00	2	Проекты	2	[{"changed": {"fields": ["\\u041f\\u043e\\u0440\\u044f\\u0434\\u043a\\u043e\\u0432\\u044b\\u0439 \\u043d\\u043e\\u043c\\u0435\\u0440 \\u043e\\u0442\\u043e\\u0431\\u0440\\u0430\\u0436\\u0435\\u043d\\u0438\\u044f"]}}]	19	1
50	2024-10-15 16:52:26.844794+00	1	Контакты	2	[{"changed": {"fields": ["\\u041f\\u043e\\u0440\\u044f\\u0434\\u043a\\u043e\\u0432\\u044b\\u0439 \\u043d\\u043e\\u043c\\u0435\\u0440 \\u043e\\u0442\\u043e\\u0431\\u0440\\u0430\\u0436\\u0435\\u043d\\u0438\\u044f"]}}]	19	1
51	2024-10-15 17:15:55.323978+00	1	команда	1	[{"added": {}}]	21	1
52	2024-10-15 17:16:37.839268+00	1	Михаил Анненков	1	[{"added": {}}]	22	1
53	2024-10-15 17:17:00.117696+00	2	Влад Смирнов	1	[{"added": {}}]	22	1
54	2024-10-15 17:17:21.413853+00	3	Алексей Баталов	1	[{"added": {}}]	22	1
55	2024-10-16 16:51:16.786361+00	1	Рекламный отдел	1	[{"added": {}}]	23	1
56	2024-10-16 16:51:38.28751+00	2	Реклама на радио	1	[{"added": {}}]	23	1
57	2024-10-16 16:51:57.392049+00	3	Viber WhatsApp Telegram	1	[{"added": {}}]	23	1
58	2024-10-16 16:52:26.035994+00	1	Адрес офиса	1	[{"added": {}}]	24	1
59	2024-10-16 16:52:48.602784+00	2	Служба новостей/программный отдел	1	[{"added": {}}]	24	1
60	2024-10-16 16:53:06.648342+00	3	Редакция	1	[{"added": {}}]	24	1
61	2024-10-16 16:53:11.735054+00	3	Редакция	2	[{"changed": {"fields": ["\\u041f\\u043e\\u0440\\u044f\\u0434\\u043a\\u043e\\u0432\\u044b\\u0439 \\u043d\\u043e\\u043c\\u0435\\u0440 \\u043e\\u0442\\u043e\\u0431\\u0440\\u0430\\u0436\\u0435\\u043d\\u0438\\u044f"]}}]	24	1
62	2024-10-16 17:02:19.89715+00	1	Подпись	1	[{"added": {}}]	25	1
63	2024-10-16 17:15:16.016464+00	1	О ПРОЕКТАХ	1	[{"added": {}}]	26	1
64	2024-10-16 17:15:24.338959+00	1	О проектах	2	[{"changed": {"fields": ["\\u0417\\u0430\\u0433\\u043e\\u043b\\u043e\\u0432\\u043e\\u043a"]}}]	26	1
65	2024-10-16 17:38:09.966908+00	1	Контент	1	[{"added": {}}]	27	1
66	2024-10-16 17:39:26.251277+00	1	Контент	2	[{"changed": {"fields": ["\\u0421\\u0441\\u044b\\u043b\\u043a\\u0430 \\u0434\\u043b\\u044f \\u043a\\u043d\\u043e\\u043f\\u043a\\u0438", "\\u041d\\u0430\\u0434\\u043f\\u0438\\u0441\\u044c \\u0432 \\u043a\\u043d\\u043e\\u043f\\u043a\\u0435"]}}]	27	1
67	2024-10-16 17:39:35.224639+00	1	Контент	2	[]	27	1
68	2024-10-17 17:09:37.703111+00	1	Контент	1	[{"added": {}}]	29	1
69	2024-10-17 17:09:56.355427+00	1	EfficiencyBenefit object (1)	1	[{"added": {}}]	28	1
70	2024-10-17 17:10:09.236177+00	2	EfficiencyBenefit object (2)	1	[{"added": {}}]	28	1
71	2024-10-17 17:10:20.481356+00	3	EfficiencyBenefit object (3)	1	[{"added": {}}]	28	1
72	2024-10-17 17:36:51.016237+00	1	5 стратегий эффективности	3		28	1
73	2024-10-17 17:36:51.016266+00	2	50 способов продвижения	3		28	1
74	2024-10-17 17:36:51.016277+00	3	личные гарантии директора	3		28	1
75	2024-10-17 18:08:37.679685+00	1	Контент	1	[{"added": {}}]	32	1
76	2024-10-17 18:08:52.941055+00	1	5 стратегий эффективности	1	[{"added": {}}]	33	1
77	2024-10-17 18:09:04.386056+00	2	50 способов продвижения	1	[{"added": {}}]	33	1
78	2024-10-17 18:09:14.84967+00	3	личные гарантии директора	1	[{"added": {}}]	33	1
79	2024-10-17 18:16:11.704421+00	1	<span class="red">5 стратегий</span> эффективности	2	[{"changed": {"fields": ["\\u041d\\u0430\\u0434\\u043f\\u0438\\u0441\\u044c"]}}]	33	1
80	2024-10-17 18:16:43.05923+00	2	<span class="red">50 способов</span> продвижения	2	[{"changed": {"fields": ["\\u041d\\u0430\\u0434\\u043f\\u0438\\u0441\\u044c"]}}]	33	1
81	2024-10-17 18:16:58.805166+00	3	личные <span class="red">гарантии директора</span>	2	[{"changed": {"fields": ["\\u041d\\u0430\\u0434\\u043f\\u0438\\u0441\\u044c"]}}]	33	1
82	2024-10-17 18:17:14.970718+00	1	Контент	2	[{"changed": {"fields": ["\\u041f\\u043e\\u0434\\u043f\\u0438\\u0441\\u044c"]}}]	32	1
83	2024-10-20 09:45:43.589128+00	1	Контент	1	[{"added": {}}]	35	1
84	2024-10-20 09:46:23.640953+00	1	50+	1	[{"added": {}}]	34	1
85	2024-10-20 09:46:47.395554+00	2	>2 000 000	1	[{"added": {}}]	34	1
86	2024-10-20 09:47:15.955934+00	3	>30 лет	1	[{"added": {}}]	34	1
87	2024-10-20 09:47:54.096593+00	1	достоверные новости каждые 15 минут	1	[{"added": {}}]	36	1
88	2024-10-20 09:48:04.422052+00	2	ежедневные розыгрыши призов и подарков	1	[{"added": {}}]	36	1
89	2024-10-20 09:48:12.831521+00	3	музыка, которую выбирают сами слушатели	1	[{"added": {}}]	36	1
90	2024-10-20 11:54:11.013384+00	3	Алексей Баталов	3		22	1
91	2024-10-20 11:56:59.719698+00	1	Михаил Анненков	3		22	1
92	2024-10-20 11:56:59.719725+00	2	Влад Смирнов	3		22	1
93	2024-10-20 12:15:23.017755+00	1	Михаил Анненков	1	[{"added": {}}]	37	1
94	2024-10-20 12:15:40.678104+00	2	Влад Смирнов	1	[{"added": {}}]	37	1
95	2024-10-20 12:16:00.316975+00	3	Алексей Баталов	1	[{"added": {}}]	37	1
96	2024-10-20 12:16:15.97534+00	4	Оля Бакина	1	[{"added": {}}]	37	1
97	2024-10-20 12:16:33.027818+00	5	Дмитрий Целищев	1	[{"added": {}}]	37	1
98	2024-10-20 12:24:13.736833+00	1	Контент	1	[{"added": {}}]	38	1
99	2024-10-20 12:24:20.795305+00	1	Михаил Анненков	2	[{"changed": {"fields": ["\\u041a\\u043e\\u043d\\u0442\\u0435\\u043d\\u0442"]}}]	37	1
100	2024-10-20 12:24:23.602994+00	2	Влад Смирнов	2	[{"changed": {"fields": ["\\u041a\\u043e\\u043d\\u0442\\u0435\\u043d\\u0442"]}}]	37	1
101	2024-10-20 12:24:26.179388+00	3	Алексей Баталов	2	[{"changed": {"fields": ["\\u041a\\u043e\\u043d\\u0442\\u0435\\u043d\\u0442"]}}]	37	1
102	2024-10-20 12:24:28.940063+00	4	Оля Бакина	2	[{"changed": {"fields": ["\\u041a\\u043e\\u043d\\u0442\\u0435\\u043d\\u0442"]}}]	37	1
103	2024-10-20 12:24:31.796026+00	5	Дмитрий Целищев	2	[{"changed": {"fields": ["\\u041a\\u043e\\u043d\\u0442\\u0435\\u043d\\u0442"]}}]	37	1
104	2024-10-20 12:46:22.993694+00	1	Михаил Анненков	2	[]	37	1
105	2024-10-23 16:46:35.296705+00	1	Контакты и радио	2	[{"changed": {"fields": ["\\u0421\\u0441\\u044b\\u043b\\u043a\\u0430 \\u043d\\u0430 \\u0438\\u0441\\u0442\\u043e\\u0447\\u043d\\u0438\\u043a \\u0440\\u0430\\u0434\\u0438\\u043e"]}}]	18	1
106	2024-10-23 16:47:34.006641+00	1	Контакты и радио	2	[{"changed": {"fields": ["\\u0421\\u0441\\u044b\\u043b\\u043a\\u0430 \\u043d\\u0430 \\u0438\\u0441\\u0442\\u043e\\u0447\\u043d\\u0438\\u043a \\u0440\\u0430\\u0434\\u0438\\u043e"]}}]	18	1
107	2024-10-24 15:32:59.403765+00	1	Метрика	1	[{"added": {}}]	39	1
\.


--
-- Data for Name: django_content_type; Type: TABLE DATA; Schema: public; Owner: maria
--

COPY public.django_content_type (id, app_label, model) FROM stdin;
1	admin	logentry
2	auth	permission
3	auth	group
4	auth	user
5	contenttypes	contenttype
6	sessions	session
7	landing	project
8	landing	people
9	landing	seo
10	landing	contactradio
11	landing	navlink
12	landing	linksforadvertising
13	landing	linksforcontact
14	landing	orderadvertising
15	general	project
16	general	seo
17	projects	project
18	header	contactradio
19	header	navlink
20	header	orderadvertising
21	team	team
22	team	people
23	footer	linksforadvertising
24	footer	linksforcontact
25	footer	footercaption
26	about_projects	aboutprojects
27	media_school	mediaschool
28	efficiency	efficiencybenefit
29	efficiency	efficiency
30	efficiency	effectivenessad
31	efficiency	effectiveness
32	effectiveness	effectiveness
33	effectiveness	efficiencybenefit
34	radio	radiobadge
35	radio	radio
36	radio	radioplaque
37	crew	people
38	crew	crew
39	general	metrika
\.


--
-- Data for Name: django_migrations; Type: TABLE DATA; Schema: public; Owner: maria
--

COPY public.django_migrations (id, app, name, applied) FROM stdin;
1	contenttypes	0001_initial	2024-10-09 10:50:47.793681+00
2	auth	0001_initial	2024-10-09 10:50:47.819007+00
3	admin	0001_initial	2024-10-09 10:50:47.82881+00
4	admin	0002_logentry_remove_auto_add	2024-10-09 10:50:47.834249+00
5	admin	0003_logentry_add_action_flag_choices	2024-10-09 10:50:47.83966+00
6	contenttypes	0002_remove_content_type_name	2024-10-09 10:50:47.84917+00
7	auth	0002_alter_permission_name_max_length	2024-10-09 10:50:47.854826+00
8	auth	0003_alter_user_email_max_length	2024-10-09 10:50:47.861021+00
9	auth	0004_alter_user_username_opts	2024-10-09 10:50:47.866096+00
10	auth	0005_alter_user_last_login_null	2024-10-09 10:50:47.871454+00
11	auth	0006_require_contenttypes_0002	2024-10-09 10:50:47.873734+00
12	auth	0007_alter_validators_add_error_messages	2024-10-09 10:50:47.879279+00
13	auth	0008_alter_user_username_max_length	2024-10-09 10:50:47.885271+00
14	auth	0009_alter_user_last_name_max_length	2024-10-09 10:50:47.890709+00
15	auth	0010_alter_group_name_max_length	2024-10-09 10:50:47.896646+00
16	auth	0011_update_proxy_permissions	2024-10-09 10:50:47.901798+00
17	auth	0012_alter_user_first_name_max_length	2024-10-09 10:50:47.907354+00
18	landing	0001_initial	2024-10-09 10:50:47.910887+00
19	landing	0002_alter_project_options	2024-10-09 10:50:47.913778+00
20	landing	0003_alter_project_options	2024-10-09 10:50:47.916585+00
21	landing	0004_projectssection_project_section	2024-10-09 10:50:47.926059+00
22	landing	0005_remove_project_section_delete_projectssection	2024-10-09 10:50:47.929913+00
23	landing	0006_alter_project_options_project_order	2024-10-09 10:50:47.934018+00
24	landing	0007_people	2024-10-09 10:50:47.937672+00
25	landing	0008_seo	2024-10-09 10:50:47.941185+00
26	landing	0009_alter_seo_options	2024-10-09 10:50:47.944074+00
27	landing	0010_contactradio	2024-10-09 10:50:47.948039+00
28	landing	0011_alter_contactradio_radiosrc	2024-10-09 10:50:47.9512+00
29	landing	0012_navlink	2024-10-09 10:50:47.954773+00
30	sessions	0001_initial	2024-10-09 10:50:47.96061+00
31	landing	0013_linksforadvertising_linksforcontact	2024-10-10 15:57:34.237187+00
32	landing	0014_alter_linksforadvertising_options_and_more	2024-10-10 16:54:32.971905+00
33	landing	0015_orderadvertising	2024-10-10 17:01:34.286288+00
34	landing	0016_alter_navlink_options_navlink_order	2024-10-13 10:48:46.431745+00
35	landing	0017_alter_people_avatar_alter_project_coverdesktop_and_more	2024-10-15 15:50:26.852091+00
36	general	0001_initial	2024-10-15 16:23:03.599287+00
37	landing	0018_delete_project_delete_seo	2024-10-15 16:23:03.604323+00
38	general	0002_delete_project	2024-10-15 16:26:17.557669+00
39	projects	0001_initial	2024-10-15 16:26:17.563179+00
40	header	0001_initial	2024-10-15 16:46:39.131021+00
41	landing	0019_delete_contactradio_delete_navlink_and_more	2024-10-15 16:46:39.135608+00
42	landing	0020_delete_people	2024-10-15 17:13:23.748251+00
43	team	0001_initial	2024-10-15 17:13:23.760491+00
44	team	0002_alter_team_options	2024-10-15 17:15:03.054865+00
45	team	0003_alter_team_title	2024-10-15 17:15:45.407225+00
46	footer	0001_initial	2024-10-16 16:48:22.287808+00
47	landing	0021_delete_linksforadvertising_delete_linksforcontact	2024-10-16 16:48:22.293516+00
48	footer	0002_alter_linksforadvertising_options_and_more	2024-10-16 16:50:21.662582+00
49	footer	0003_footercaption	2024-10-16 17:00:35.457199+00
50	footer	0004_alter_footercaption_caption	2024-10-16 17:02:00.051358+00
51	about_projects	0001_initial	2024-10-16 17:14:38.730616+00
52	media_school	0001_initial	2024-10-16 17:31:31.729928+00
53	media_school	0002_alter_mediaschool_description	2024-10-16 17:32:46.152649+00
54	media_school	0003_alter_mediaschool_buttoncaption_and_more	2024-10-16 17:38:08.398496+00
55	media_school	0004_alter_mediaschool_buttoncaption_and_more	2024-10-16 17:39:24.467477+00
56	efficiency	0001_initial	2024-10-17 17:06:43.293621+00
57	efficiency	0002_alter_efficiency_buttoncaption_and_more	2024-10-17 17:28:49.333562+00
58	effectiveness	0001_initial	2024-10-17 18:06:57.777146+00
59	radio	0001_initial	2024-10-20 09:43:19.248819+00
60	crew	0001_initial	2024-10-20 12:14:45.050692+00
61	crew	0002_crew_people_crew	2024-10-20 12:23:48.319374+00
62	general	0003_metrika	2024-10-24 15:31:33.247846+00
\.


--
-- Data for Name: django_session; Type: TABLE DATA; Schema: public; Owner: maria
--

COPY public.django_session (session_key, session_data, expire_date) FROM stdin;
8fr595h6c53x7ce18lmehglnmzunrnt1	.eJxVjM0OwiAQhN-FsyGlUn48evcZyLK7SNVAUtqT8d2lSQ96msl8M_MWAbY1h63xEmYSF6HE6TeLgE8uO6AHlHuVWMu6zFHuFXnQJm-V-HU9un8HGVrua0sGUtKknWcgR3FS3KVbRPQTagLgOAxgnFOWyIx-cDAai4ncmVh8vixFOZQ:1syUHM:fsm5xOa9AysmqiQG6h-kwjaaFLlPaMqnBgrLNucWcMg	2024-10-23 10:50:52.24911+00
gn4cfv8q0k4w64tzkvxnlo88sfziuie7	.eJxVjM0OwiAQhN-FsyGlUn48evcZyLK7SNVAUtqT8d2lSQ96msl8M_MWAbY1h63xEmYSF6HE6TeLgE8uO6AHlHuVWMu6zFHuFXnQJm-V-HU9un8HGVrua0sGUtKknWcgR3FS3KVbRPQTagLgOAxgnFOWyIx-cDAai4ncmVh8vixFOZQ:1t3eV1:Z5tzWbKd-aaKjj9b6tuHkxAAyw-0uSOu11SfdFaDQnk	2024-11-06 16:46:19.841187+00
\.


--
-- Data for Name: effectiveness_effectiveness; Type: TABLE DATA; Schema: public; Owner: maria
--

COPY public.effectiveness_effectiveness (id, title, signature, "coverDesktop", "buttonLink", "buttonCaption", "buttonCaptionMobile") FROM stdin;
1	Радио нашего города  с гарантией эффективной рекламы	у нас есть	Пакет_Мария_фм-22_1_LzOdbSB.webp	https://radionashegogoroda.tilda.ws/	<span class="red">Узнать</span> больше...	Узнать больше...
\.


--
-- Data for Name: effectiveness_efficiencybenefit; Type: TABLE DATA; Schema: public; Owner: maria
--

COPY public.effectiveness_efficiencybenefit (id, content, "order", effectiveness_id) FROM stdin;
1	<span class="red">5 стратегий</span> эффективности	0	1
2	<span class="red">50 способов</span> продвижения	1	1
3	личные <span class="red">гарантии директора</span>	2	1
\.


--
-- Data for Name: efficiency_efficiency; Type: TABLE DATA; Schema: public; Owner: maria
--

COPY public.efficiency_efficiency (id, title, signature, "coverDesktop", "buttonLink", "buttonCaption") FROM stdin;
1	Радио нашего города с гарантией эффективной рекламы	у нас есть:	Пакет_Мария_фм-22_1.webp	https://radionashegogoroda.tilda.ws	<span class="red">Узнать</span>
\.


--
-- Data for Name: efficiency_efficiencybenefit; Type: TABLE DATA; Schema: public; Owner: maria
--

COPY public.efficiency_efficiencybenefit (id, content, "order", efficiency_id) FROM stdin;
\.


--
-- Data for Name: footer_footercaption; Type: TABLE DATA; Schema: public; Owner: maria
--

COPY public.footer_footercaption (id, caption) FROM stdin;
1	Подарки победителям выдаются в течение двух недель после даты выигрыша в рабочие дни, с понедельника по пятницу с 9:00 до 17:30 по адресу офиса (кабинет 601).
\.


--
-- Data for Name: footer_linksforadvertising; Type: TABLE DATA; Schema: public; Owner: maria
--

COPY public.footer_linksforadvertising (id, caption, value, url, "order") FROM stdin;
1	Рекламный отдел	mariafm@mariafm.ru	mailto:mariafm@mariafm.ru	0
2	Реклама на радио	+7 (953) 947-27-27	tel:+79539472727	1
3	Viber WhatsApp Telegram	+7 (912) 827-102-9	tel:+79128271029	2
\.


--
-- Data for Name: footer_linksforcontact; Type: TABLE DATA; Schema: public; Owner: maria
--

COPY public.footer_linksforcontact (id, caption, value, url, "order") FROM stdin;
1	Адрес офиса	610000, г. Киров, Октябрьский проспект 120, 6 этаж	https://yandex.ru/maps/-/CDTRQYyB	0
2	Служба новостей/программный отдел	47-102-9	tel:+471029	1
3	Редакция	mariafm@mail.ru	mailto:mariafm@mail.ru	2
\.


--
-- Data for Name: general_metrika; Type: TABLE DATA; Schema: public; Owner: maria
--

COPY public.general_metrika (id, script) FROM stdin;
1	<!-- Yandex.Metrika counter -->\r\n<script type="text/javascript" >\r\n   (function(m,e,t,r,i,k,a){m[i]=m[i]||function(){(m[i].a=m[i].a||[]).push(arguments)};\r\n   m[i].l=1*new Date();\r\n   for (var j = 0; j < document.scripts.length; j++) {if (document.scripts[j].src === r) { return; }}\r\n   k=e.createElement(t),a=e.getElementsByTagName(t)[0],k.async=1,k.src=r,a.parentNode.insertBefore(k,a)})\r\n   (window, document, "script", "https://mc.yandex.ru/metrika/tag.js", "ym");\r\n\r\n   ym(98721968, "init", {\r\n        clickmap:true,\r\n        trackLinks:true,\r\n        accurateTrackBounce:true,\r\n        webvisor:true\r\n   });\r\n</script>\r\n<noscript><div><img src="https://mc.yandex.ru/watch/98721968" style="position:absolute; left:-9999px;" alt="" /></div></noscript>\r\n<!-- /Yandex.Metrika counter -->
\.


--
-- Data for Name: general_seo; Type: TABLE DATA; Schema: public; Owner: maria
--

COPY public.general_seo (id, "ogType", "ogTitle", "ogUrl", "ogImage", "ogDescription") FROM stdin;
1	website	Мария ФМ | Радио нашего города	https://mariafm.ru	Group_401_LcZdp0I.webp	Радио нашего города! Только полезный и интересный Кировский контент
\.


--
-- Data for Name: header_contactradio; Type: TABLE DATA; Schema: public; Owner: maria
--

COPY public.header_contactradio (id, "whatsappUrl", "telegramUrl", "displayedPhoneNumber", "phoneNumber", "radioSrc") FROM stdin;
1	https://wa.me/79128271029	https://t.me/+79128271029	+7 912 827 10 29	79128271029	https://online.mariafm.ru:8443/MariaFM
\.


--
-- Data for Name: header_navlink; Type: TABLE DATA; Schema: public; Owner: maria
--

COPY public.header_navlink (id, caption, url, "order") FROM stdin;
6	Новости	#shows	0
5	О радио	#about	1
4	Команда	#team	2
3	Школа медиа	#school	3
2	Проекты	#projects	4
1	Контакты	#footer	5
\.


--
-- Data for Name: header_orderadvertising; Type: TABLE DATA; Schema: public; Owner: maria
--

COPY public.header_orderadvertising (id, caption, url) FROM stdin;
1	Заказать рекламу	https://t.me/+79128271029
\.


--
-- Data for Name: media_school_mediaschool; Type: TABLE DATA; Schema: public; Owner: maria
--

COPY public.media_school_mediaschool (id, title, description, "coverDesktop", "buttonLink", "buttonCaption") FROM stdin;
1	Школа медиа	Школа МЕДИА действует в Кирове с 2015 года при поддержке радиостанции "Мария FM". Имеет лицензию дополнительного образования. \r\n Школа МЕДИА - это курсы для детей, подростков и взрослых по направлениям: курсы по речи и ораторскому мастерству, школа блогеров, медиакоммуникации/журналистика для школьников, курсы радиоведущих.	Group_32.webp	https://vk.com/im?media=&sel=-86542693	Записаться
\.


--
-- Data for Name: projects_project; Type: TABLE DATA; Schema: public; Owner: maria
--

COPY public.projects_project (id, title, description, "coverMobile", "coverDesktop", "order") FROM stdin;
1	Самые первые на Мария FM	Ведущие - две ярких, харизматичных, успешных пары: Дима Целищев и Оля Бакина, Леша Баталов \r\nи Марианна Узун.  \r\nС понедельника по четверг с 7 до 9 утра в эфире все самое нужное именно этим утром и именно кировчанам: от качественной музыки до обсуждения новостей и мероприятий, объединяющих город.	Самые_первые_пк.webp	Самые_первые_пк_KqwP3qr.webp	0
2	Вечерний канал	Ведущая: Маша Котова\r\nС понедельника по четверг с 17 до 19\r\nЛегкое, беззаботное, веселое – такое, каким и должен быть вечер в конце рабочего дня. Гороскоп, лучшая музыка со всех концов света, самые свежие новости шоу-бизнеса и подарки.	Вечерний_канал_6DDxA1d.webp	Вечерний_канал_пк.webp	1
3	Кавер-шоу	Ведущий: Влад Смирнов\r\nПятница с 17 до 19 целых два часа отменных каверов.	Кавер_шоу_CXTEEdV.webp	Кавер_шоу_пк.webp	2
4	Пятничный разогрев	Ведущие: Аня Бойко и Гриша Бессонов\r\nПятница с 7 до 9 утра составляем афишу предстоящих выходных, советуем кафе для встречи \r\nс друзьями и составляем рецензии \r\nна свежевышедшие фильмы.	Пятничный_разогрев_uHGg41R.webp	Пятничный_разогрев_пк.webp	3
\.


--
-- Data for Name: radio_radio; Type: TABLE DATA; Schema: public; Owner: maria
--

COPY public.radio_radio (id, title, description, cover_desktop) FROM stdin;
1	О радио	Мария FM – радиостанция с собственным вещанием в Кирове и области.\r\nТолько полезный и интересный контент города и области:	Карта_вещания_Мария_ФМ-01_1.webp
\.


--
-- Data for Name: radio_radiobadge; Type: TABLE DATA; Schema: public; Owner: maria
--

COPY public.radio_radiobadge (id, title, caption, "order", radio_id) FROM stdin;
1	50+	рекламных форматов	0	1
2	>2 000 000	потенциальных слушателей  в зоне вещания	1	1
3	>30 лет	разгоняем обороты продаж	2	1
\.


--
-- Data for Name: radio_radioplaque; Type: TABLE DATA; Schema: public; Owner: maria
--

COPY public.radio_radioplaque (id, text, "order", radio_id) FROM stdin;
1	достоверные новости каждые 15 минут	0	1
2	ежедневные розыгрыши призов и подарков	1	1
3	музыка, которую выбирают сами слушатели	2	1
\.


--
-- Data for Name: team_people; Type: TABLE DATA; Schema: public; Owner: maria
--

COPY public.team_people (id, fullname, description, avatar, "order", team_id) FROM stdin;
\.


--
-- Data for Name: team_team; Type: TABLE DATA; Schema: public; Owner: maria
--

COPY public.team_team (id, title) FROM stdin;
1	команда
\.


--
-- Name: about_projects_aboutprojects_id_seq; Type: SEQUENCE SET; Schema: public; Owner: maria
--

SELECT pg_catalog.setval('public.about_projects_aboutprojects_id_seq', 1, true);


--
-- Name: auth_group_id_seq; Type: SEQUENCE SET; Schema: public; Owner: maria
--

SELECT pg_catalog.setval('public.auth_group_id_seq', 1, false);


--
-- Name: auth_group_permissions_id_seq; Type: SEQUENCE SET; Schema: public; Owner: maria
--

SELECT pg_catalog.setval('public.auth_group_permissions_id_seq', 1, false);


--
-- Name: auth_permission_id_seq; Type: SEQUENCE SET; Schema: public; Owner: maria
--

SELECT pg_catalog.setval('public.auth_permission_id_seq', 156, true);


--
-- Name: auth_user_groups_id_seq; Type: SEQUENCE SET; Schema: public; Owner: maria
--

SELECT pg_catalog.setval('public.auth_user_groups_id_seq', 1, false);


--
-- Name: auth_user_id_seq; Type: SEQUENCE SET; Schema: public; Owner: maria
--

SELECT pg_catalog.setval('public.auth_user_id_seq', 1, true);


--
-- Name: auth_user_user_permissions_id_seq; Type: SEQUENCE SET; Schema: public; Owner: maria
--

SELECT pg_catalog.setval('public.auth_user_user_permissions_id_seq', 1, false);


--
-- Name: crew_crew_id_seq; Type: SEQUENCE SET; Schema: public; Owner: maria
--

SELECT pg_catalog.setval('public.crew_crew_id_seq', 1, true);


--
-- Name: crew_people_id_seq; Type: SEQUENCE SET; Schema: public; Owner: maria
--

SELECT pg_catalog.setval('public.crew_people_id_seq', 5, true);


--
-- Name: django_admin_log_id_seq; Type: SEQUENCE SET; Schema: public; Owner: maria
--

SELECT pg_catalog.setval('public.django_admin_log_id_seq', 107, true);


--
-- Name: django_content_type_id_seq; Type: SEQUENCE SET; Schema: public; Owner: maria
--

SELECT pg_catalog.setval('public.django_content_type_id_seq', 39, true);


--
-- Name: django_migrations_id_seq; Type: SEQUENCE SET; Schema: public; Owner: maria
--

SELECT pg_catalog.setval('public.django_migrations_id_seq', 62, true);


--
-- Name: effectiveness_effectiveness_id_seq; Type: SEQUENCE SET; Schema: public; Owner: maria
--

SELECT pg_catalog.setval('public.effectiveness_effectiveness_id_seq', 1, true);


--
-- Name: effectiveness_efficiencybenefit_id_seq; Type: SEQUENCE SET; Schema: public; Owner: maria
--

SELECT pg_catalog.setval('public.effectiveness_efficiencybenefit_id_seq', 3, true);


--
-- Name: efficiency_efficiency_id_seq; Type: SEQUENCE SET; Schema: public; Owner: maria
--

SELECT pg_catalog.setval('public.efficiency_efficiency_id_seq', 1, true);


--
-- Name: efficiency_efficiencybenefit_id_seq; Type: SEQUENCE SET; Schema: public; Owner: maria
--

SELECT pg_catalog.setval('public.efficiency_efficiencybenefit_id_seq', 3, true);


--
-- Name: footer_footercaption_id_seq; Type: SEQUENCE SET; Schema: public; Owner: maria
--

SELECT pg_catalog.setval('public.footer_footercaption_id_seq', 1, true);


--
-- Name: footer_linksforadvertising_id_seq; Type: SEQUENCE SET; Schema: public; Owner: maria
--

SELECT pg_catalog.setval('public.footer_linksforadvertising_id_seq', 3, true);


--
-- Name: footer_linksforcontact_id_seq; Type: SEQUENCE SET; Schema: public; Owner: maria
--

SELECT pg_catalog.setval('public.footer_linksforcontact_id_seq', 3, true);


--
-- Name: general_metrika_id_seq; Type: SEQUENCE SET; Schema: public; Owner: maria
--

SELECT pg_catalog.setval('public.general_metrika_id_seq', 1, true);


--
-- Name: general_seo_id_seq; Type: SEQUENCE SET; Schema: public; Owner: maria
--

SELECT pg_catalog.setval('public.general_seo_id_seq', 1, true);


--
-- Name: header_contactradio_id_seq; Type: SEQUENCE SET; Schema: public; Owner: maria
--

SELECT pg_catalog.setval('public.header_contactradio_id_seq', 1, true);


--
-- Name: header_navlink_id_seq; Type: SEQUENCE SET; Schema: public; Owner: maria
--

SELECT pg_catalog.setval('public.header_navlink_id_seq', 6, true);


--
-- Name: header_orderadvertising_id_seq; Type: SEQUENCE SET; Schema: public; Owner: maria
--

SELECT pg_catalog.setval('public.header_orderadvertising_id_seq', 1, true);


--
-- Name: media_school_mediaschool_id_seq; Type: SEQUENCE SET; Schema: public; Owner: maria
--

SELECT pg_catalog.setval('public.media_school_mediaschool_id_seq', 1, true);


--
-- Name: projects_project_id_seq; Type: SEQUENCE SET; Schema: public; Owner: maria
--

SELECT pg_catalog.setval('public.projects_project_id_seq', 4, true);


--
-- Name: radio_radio_id_seq; Type: SEQUENCE SET; Schema: public; Owner: maria
--

SELECT pg_catalog.setval('public.radio_radio_id_seq', 1, true);


--
-- Name: radio_radiobadge_id_seq; Type: SEQUENCE SET; Schema: public; Owner: maria
--

SELECT pg_catalog.setval('public.radio_radiobadge_id_seq', 3, true);


--
-- Name: radio_radioplaque_id_seq; Type: SEQUENCE SET; Schema: public; Owner: maria
--

SELECT pg_catalog.setval('public.radio_radioplaque_id_seq', 3, true);


--
-- Name: team_people_id_seq; Type: SEQUENCE SET; Schema: public; Owner: maria
--

SELECT pg_catalog.setval('public.team_people_id_seq', 11, true);


--
-- Name: team_team_id_seq; Type: SEQUENCE SET; Schema: public; Owner: maria
--

SELECT pg_catalog.setval('public.team_team_id_seq', 1, true);


--
-- Name: about_projects_aboutprojects about_projects_aboutprojects_pkey; Type: CONSTRAINT; Schema: public; Owner: maria
--

ALTER TABLE ONLY public.about_projects_aboutprojects
    ADD CONSTRAINT about_projects_aboutprojects_pkey PRIMARY KEY (id);


--
-- Name: auth_group auth_group_name_key; Type: CONSTRAINT; Schema: public; Owner: maria
--

ALTER TABLE ONLY public.auth_group
    ADD CONSTRAINT auth_group_name_key UNIQUE (name);


--
-- Name: auth_group_permissions auth_group_permissions_group_id_permission_id_0cd325b0_uniq; Type: CONSTRAINT; Schema: public; Owner: maria
--

ALTER TABLE ONLY public.auth_group_permissions
    ADD CONSTRAINT auth_group_permissions_group_id_permission_id_0cd325b0_uniq UNIQUE (group_id, permission_id);


--
-- Name: auth_group_permissions auth_group_permissions_pkey; Type: CONSTRAINT; Schema: public; Owner: maria
--

ALTER TABLE ONLY public.auth_group_permissions
    ADD CONSTRAINT auth_group_permissions_pkey PRIMARY KEY (id);


--
-- Name: auth_group auth_group_pkey; Type: CONSTRAINT; Schema: public; Owner: maria
--

ALTER TABLE ONLY public.auth_group
    ADD CONSTRAINT auth_group_pkey PRIMARY KEY (id);


--
-- Name: auth_permission auth_permission_content_type_id_codename_01ab375a_uniq; Type: CONSTRAINT; Schema: public; Owner: maria
--

ALTER TABLE ONLY public.auth_permission
    ADD CONSTRAINT auth_permission_content_type_id_codename_01ab375a_uniq UNIQUE (content_type_id, codename);


--
-- Name: auth_permission auth_permission_pkey; Type: CONSTRAINT; Schema: public; Owner: maria
--

ALTER TABLE ONLY public.auth_permission
    ADD CONSTRAINT auth_permission_pkey PRIMARY KEY (id);


--
-- Name: auth_user_groups auth_user_groups_pkey; Type: CONSTRAINT; Schema: public; Owner: maria
--

ALTER TABLE ONLY public.auth_user_groups
    ADD CONSTRAINT auth_user_groups_pkey PRIMARY KEY (id);


--
-- Name: auth_user_groups auth_user_groups_user_id_group_id_94350c0c_uniq; Type: CONSTRAINT; Schema: public; Owner: maria
--

ALTER TABLE ONLY public.auth_user_groups
    ADD CONSTRAINT auth_user_groups_user_id_group_id_94350c0c_uniq UNIQUE (user_id, group_id);


--
-- Name: auth_user auth_user_pkey; Type: CONSTRAINT; Schema: public; Owner: maria
--

ALTER TABLE ONLY public.auth_user
    ADD CONSTRAINT auth_user_pkey PRIMARY KEY (id);


--
-- Name: auth_user_user_permissions auth_user_user_permissions_pkey; Type: CONSTRAINT; Schema: public; Owner: maria
--

ALTER TABLE ONLY public.auth_user_user_permissions
    ADD CONSTRAINT auth_user_user_permissions_pkey PRIMARY KEY (id);


--
-- Name: auth_user_user_permissions auth_user_user_permissions_user_id_permission_id_14a6b632_uniq; Type: CONSTRAINT; Schema: public; Owner: maria
--

ALTER TABLE ONLY public.auth_user_user_permissions
    ADD CONSTRAINT auth_user_user_permissions_user_id_permission_id_14a6b632_uniq UNIQUE (user_id, permission_id);


--
-- Name: auth_user auth_user_username_key; Type: CONSTRAINT; Schema: public; Owner: maria
--

ALTER TABLE ONLY public.auth_user
    ADD CONSTRAINT auth_user_username_key UNIQUE (username);


--
-- Name: crew_crew crew_crew_pkey; Type: CONSTRAINT; Schema: public; Owner: maria
--

ALTER TABLE ONLY public.crew_crew
    ADD CONSTRAINT crew_crew_pkey PRIMARY KEY (id);


--
-- Name: crew_people crew_people_pkey; Type: CONSTRAINT; Schema: public; Owner: maria
--

ALTER TABLE ONLY public.crew_people
    ADD CONSTRAINT crew_people_pkey PRIMARY KEY (id);


--
-- Name: django_admin_log django_admin_log_pkey; Type: CONSTRAINT; Schema: public; Owner: maria
--

ALTER TABLE ONLY public.django_admin_log
    ADD CONSTRAINT django_admin_log_pkey PRIMARY KEY (id);


--
-- Name: django_content_type django_content_type_app_label_model_76bd3d3b_uniq; Type: CONSTRAINT; Schema: public; Owner: maria
--

ALTER TABLE ONLY public.django_content_type
    ADD CONSTRAINT django_content_type_app_label_model_76bd3d3b_uniq UNIQUE (app_label, model);


--
-- Name: django_content_type django_content_type_pkey; Type: CONSTRAINT; Schema: public; Owner: maria
--

ALTER TABLE ONLY public.django_content_type
    ADD CONSTRAINT django_content_type_pkey PRIMARY KEY (id);


--
-- Name: django_migrations django_migrations_pkey; Type: CONSTRAINT; Schema: public; Owner: maria
--

ALTER TABLE ONLY public.django_migrations
    ADD CONSTRAINT django_migrations_pkey PRIMARY KEY (id);


--
-- Name: django_session django_session_pkey; Type: CONSTRAINT; Schema: public; Owner: maria
--

ALTER TABLE ONLY public.django_session
    ADD CONSTRAINT django_session_pkey PRIMARY KEY (session_key);


--
-- Name: effectiveness_effectiveness effectiveness_effectiveness_pkey; Type: CONSTRAINT; Schema: public; Owner: maria
--

ALTER TABLE ONLY public.effectiveness_effectiveness
    ADD CONSTRAINT effectiveness_effectiveness_pkey PRIMARY KEY (id);


--
-- Name: effectiveness_efficiencybenefit effectiveness_efficiencybenefit_pkey; Type: CONSTRAINT; Schema: public; Owner: maria
--

ALTER TABLE ONLY public.effectiveness_efficiencybenefit
    ADD CONSTRAINT effectiveness_efficiencybenefit_pkey PRIMARY KEY (id);


--
-- Name: efficiency_efficiency efficiency_efficiency_pkey; Type: CONSTRAINT; Schema: public; Owner: maria
--

ALTER TABLE ONLY public.efficiency_efficiency
    ADD CONSTRAINT efficiency_efficiency_pkey PRIMARY KEY (id);


--
-- Name: efficiency_efficiencybenefit efficiency_efficiencybenefit_pkey; Type: CONSTRAINT; Schema: public; Owner: maria
--

ALTER TABLE ONLY public.efficiency_efficiencybenefit
    ADD CONSTRAINT efficiency_efficiencybenefit_pkey PRIMARY KEY (id);


--
-- Name: footer_footercaption footer_footercaption_pkey; Type: CONSTRAINT; Schema: public; Owner: maria
--

ALTER TABLE ONLY public.footer_footercaption
    ADD CONSTRAINT footer_footercaption_pkey PRIMARY KEY (id);


--
-- Name: footer_linksforadvertising footer_linksforadvertising_pkey; Type: CONSTRAINT; Schema: public; Owner: maria
--

ALTER TABLE ONLY public.footer_linksforadvertising
    ADD CONSTRAINT footer_linksforadvertising_pkey PRIMARY KEY (id);


--
-- Name: footer_linksforcontact footer_linksforcontact_pkey; Type: CONSTRAINT; Schema: public; Owner: maria
--

ALTER TABLE ONLY public.footer_linksforcontact
    ADD CONSTRAINT footer_linksforcontact_pkey PRIMARY KEY (id);


--
-- Name: general_metrika general_metrika_pkey; Type: CONSTRAINT; Schema: public; Owner: maria
--

ALTER TABLE ONLY public.general_metrika
    ADD CONSTRAINT general_metrika_pkey PRIMARY KEY (id);


--
-- Name: general_seo general_seo_pkey; Type: CONSTRAINT; Schema: public; Owner: maria
--

ALTER TABLE ONLY public.general_seo
    ADD CONSTRAINT general_seo_pkey PRIMARY KEY (id);


--
-- Name: header_contactradio header_contactradio_pkey; Type: CONSTRAINT; Schema: public; Owner: maria
--

ALTER TABLE ONLY public.header_contactradio
    ADD CONSTRAINT header_contactradio_pkey PRIMARY KEY (id);


--
-- Name: header_navlink header_navlink_pkey; Type: CONSTRAINT; Schema: public; Owner: maria
--

ALTER TABLE ONLY public.header_navlink
    ADD CONSTRAINT header_navlink_pkey PRIMARY KEY (id);


--
-- Name: header_orderadvertising header_orderadvertising_pkey; Type: CONSTRAINT; Schema: public; Owner: maria
--

ALTER TABLE ONLY public.header_orderadvertising
    ADD CONSTRAINT header_orderadvertising_pkey PRIMARY KEY (id);


--
-- Name: media_school_mediaschool media_school_mediaschool_pkey; Type: CONSTRAINT; Schema: public; Owner: maria
--

ALTER TABLE ONLY public.media_school_mediaschool
    ADD CONSTRAINT media_school_mediaschool_pkey PRIMARY KEY (id);


--
-- Name: projects_project projects_project_pkey; Type: CONSTRAINT; Schema: public; Owner: maria
--

ALTER TABLE ONLY public.projects_project
    ADD CONSTRAINT projects_project_pkey PRIMARY KEY (id);


--
-- Name: radio_radio radio_radio_pkey; Type: CONSTRAINT; Schema: public; Owner: maria
--

ALTER TABLE ONLY public.radio_radio
    ADD CONSTRAINT radio_radio_pkey PRIMARY KEY (id);


--
-- Name: radio_radiobadge radio_radiobadge_pkey; Type: CONSTRAINT; Schema: public; Owner: maria
--

ALTER TABLE ONLY public.radio_radiobadge
    ADD CONSTRAINT radio_radiobadge_pkey PRIMARY KEY (id);


--
-- Name: radio_radioplaque radio_radioplaque_pkey; Type: CONSTRAINT; Schema: public; Owner: maria
--

ALTER TABLE ONLY public.radio_radioplaque
    ADD CONSTRAINT radio_radioplaque_pkey PRIMARY KEY (id);


--
-- Name: team_people team_people_pkey; Type: CONSTRAINT; Schema: public; Owner: maria
--

ALTER TABLE ONLY public.team_people
    ADD CONSTRAINT team_people_pkey PRIMARY KEY (id);


--
-- Name: team_team team_team_pkey; Type: CONSTRAINT; Schema: public; Owner: maria
--

ALTER TABLE ONLY public.team_team
    ADD CONSTRAINT team_team_pkey PRIMARY KEY (id);


--
-- Name: auth_group_name_a6ea08ec_like; Type: INDEX; Schema: public; Owner: maria
--

CREATE INDEX auth_group_name_a6ea08ec_like ON public.auth_group USING btree (name varchar_pattern_ops);


--
-- Name: auth_group_permissions_group_id_b120cbf9; Type: INDEX; Schema: public; Owner: maria
--

CREATE INDEX auth_group_permissions_group_id_b120cbf9 ON public.auth_group_permissions USING btree (group_id);


--
-- Name: auth_group_permissions_permission_id_84c5c92e; Type: INDEX; Schema: public; Owner: maria
--

CREATE INDEX auth_group_permissions_permission_id_84c5c92e ON public.auth_group_permissions USING btree (permission_id);


--
-- Name: auth_permission_content_type_id_2f476e4b; Type: INDEX; Schema: public; Owner: maria
--

CREATE INDEX auth_permission_content_type_id_2f476e4b ON public.auth_permission USING btree (content_type_id);


--
-- Name: auth_user_groups_group_id_97559544; Type: INDEX; Schema: public; Owner: maria
--

CREATE INDEX auth_user_groups_group_id_97559544 ON public.auth_user_groups USING btree (group_id);


--
-- Name: auth_user_groups_user_id_6a12ed8b; Type: INDEX; Schema: public; Owner: maria
--

CREATE INDEX auth_user_groups_user_id_6a12ed8b ON public.auth_user_groups USING btree (user_id);


--
-- Name: auth_user_user_permissions_permission_id_1fbb5f2c; Type: INDEX; Schema: public; Owner: maria
--

CREATE INDEX auth_user_user_permissions_permission_id_1fbb5f2c ON public.auth_user_user_permissions USING btree (permission_id);


--
-- Name: auth_user_user_permissions_user_id_a95ead1b; Type: INDEX; Schema: public; Owner: maria
--

CREATE INDEX auth_user_user_permissions_user_id_a95ead1b ON public.auth_user_user_permissions USING btree (user_id);


--
-- Name: auth_user_username_6821ab7c_like; Type: INDEX; Schema: public; Owner: maria
--

CREATE INDEX auth_user_username_6821ab7c_like ON public.auth_user USING btree (username varchar_pattern_ops);


--
-- Name: crew_people_crew_id_2919ca25; Type: INDEX; Schema: public; Owner: maria
--

CREATE INDEX crew_people_crew_id_2919ca25 ON public.crew_people USING btree (crew_id);


--
-- Name: django_admin_log_content_type_id_c4bce8eb; Type: INDEX; Schema: public; Owner: maria
--

CREATE INDEX django_admin_log_content_type_id_c4bce8eb ON public.django_admin_log USING btree (content_type_id);


--
-- Name: django_admin_log_user_id_c564eba6; Type: INDEX; Schema: public; Owner: maria
--

CREATE INDEX django_admin_log_user_id_c564eba6 ON public.django_admin_log USING btree (user_id);


--
-- Name: django_session_expire_date_a5c62663; Type: INDEX; Schema: public; Owner: maria
--

CREATE INDEX django_session_expire_date_a5c62663 ON public.django_session USING btree (expire_date);


--
-- Name: django_session_session_key_c0390e0f_like; Type: INDEX; Schema: public; Owner: maria
--

CREATE INDEX django_session_session_key_c0390e0f_like ON public.django_session USING btree (session_key varchar_pattern_ops);


--
-- Name: effectiveness_efficiencybenefit_effectiveness_id_9570e1b9; Type: INDEX; Schema: public; Owner: maria
--

CREATE INDEX effectiveness_efficiencybenefit_effectiveness_id_9570e1b9 ON public.effectiveness_efficiencybenefit USING btree (effectiveness_id);


--
-- Name: efficiency_efficiencybenefit_efficiency_id_6e89ae5f; Type: INDEX; Schema: public; Owner: maria
--

CREATE INDEX efficiency_efficiencybenefit_efficiency_id_6e89ae5f ON public.efficiency_efficiencybenefit USING btree (efficiency_id);


--
-- Name: radio_radiobadge_radio_id_856d9015; Type: INDEX; Schema: public; Owner: maria
--

CREATE INDEX radio_radiobadge_radio_id_856d9015 ON public.radio_radiobadge USING btree (radio_id);


--
-- Name: radio_radioplaque_radio_id_b22dfc10; Type: INDEX; Schema: public; Owner: maria
--

CREATE INDEX radio_radioplaque_radio_id_b22dfc10 ON public.radio_radioplaque USING btree (radio_id);


--
-- Name: team_people_team_id_66028d51; Type: INDEX; Schema: public; Owner: maria
--

CREATE INDEX team_people_team_id_66028d51 ON public.team_people USING btree (team_id);


--
-- Name: auth_group_permissions auth_group_permissio_permission_id_84c5c92e_fk_auth_perm; Type: FK CONSTRAINT; Schema: public; Owner: maria
--

ALTER TABLE ONLY public.auth_group_permissions
    ADD CONSTRAINT auth_group_permissio_permission_id_84c5c92e_fk_auth_perm FOREIGN KEY (permission_id) REFERENCES public.auth_permission(id) DEFERRABLE INITIALLY DEFERRED;


--
-- Name: auth_group_permissions auth_group_permissions_group_id_b120cbf9_fk_auth_group_id; Type: FK CONSTRAINT; Schema: public; Owner: maria
--

ALTER TABLE ONLY public.auth_group_permissions
    ADD CONSTRAINT auth_group_permissions_group_id_b120cbf9_fk_auth_group_id FOREIGN KEY (group_id) REFERENCES public.auth_group(id) DEFERRABLE INITIALLY DEFERRED;


--
-- Name: auth_permission auth_permission_content_type_id_2f476e4b_fk_django_co; Type: FK CONSTRAINT; Schema: public; Owner: maria
--

ALTER TABLE ONLY public.auth_permission
    ADD CONSTRAINT auth_permission_content_type_id_2f476e4b_fk_django_co FOREIGN KEY (content_type_id) REFERENCES public.django_content_type(id) DEFERRABLE INITIALLY DEFERRED;


--
-- Name: auth_user_groups auth_user_groups_group_id_97559544_fk_auth_group_id; Type: FK CONSTRAINT; Schema: public; Owner: maria
--

ALTER TABLE ONLY public.auth_user_groups
    ADD CONSTRAINT auth_user_groups_group_id_97559544_fk_auth_group_id FOREIGN KEY (group_id) REFERENCES public.auth_group(id) DEFERRABLE INITIALLY DEFERRED;


--
-- Name: auth_user_groups auth_user_groups_user_id_6a12ed8b_fk_auth_user_id; Type: FK CONSTRAINT; Schema: public; Owner: maria
--

ALTER TABLE ONLY public.auth_user_groups
    ADD CONSTRAINT auth_user_groups_user_id_6a12ed8b_fk_auth_user_id FOREIGN KEY (user_id) REFERENCES public.auth_user(id) DEFERRABLE INITIALLY DEFERRED;


--
-- Name: auth_user_user_permissions auth_user_user_permi_permission_id_1fbb5f2c_fk_auth_perm; Type: FK CONSTRAINT; Schema: public; Owner: maria
--

ALTER TABLE ONLY public.auth_user_user_permissions
    ADD CONSTRAINT auth_user_user_permi_permission_id_1fbb5f2c_fk_auth_perm FOREIGN KEY (permission_id) REFERENCES public.auth_permission(id) DEFERRABLE INITIALLY DEFERRED;


--
-- Name: auth_user_user_permissions auth_user_user_permissions_user_id_a95ead1b_fk_auth_user_id; Type: FK CONSTRAINT; Schema: public; Owner: maria
--

ALTER TABLE ONLY public.auth_user_user_permissions
    ADD CONSTRAINT auth_user_user_permissions_user_id_a95ead1b_fk_auth_user_id FOREIGN KEY (user_id) REFERENCES public.auth_user(id) DEFERRABLE INITIALLY DEFERRED;


--
-- Name: crew_people crew_people_crew_id_2919ca25_fk_crew_crew_id; Type: FK CONSTRAINT; Schema: public; Owner: maria
--

ALTER TABLE ONLY public.crew_people
    ADD CONSTRAINT crew_people_crew_id_2919ca25_fk_crew_crew_id FOREIGN KEY (crew_id) REFERENCES public.crew_crew(id) DEFERRABLE INITIALLY DEFERRED;


--
-- Name: django_admin_log django_admin_log_content_type_id_c4bce8eb_fk_django_co; Type: FK CONSTRAINT; Schema: public; Owner: maria
--

ALTER TABLE ONLY public.django_admin_log
    ADD CONSTRAINT django_admin_log_content_type_id_c4bce8eb_fk_django_co FOREIGN KEY (content_type_id) REFERENCES public.django_content_type(id) DEFERRABLE INITIALLY DEFERRED;


--
-- Name: django_admin_log django_admin_log_user_id_c564eba6_fk_auth_user_id; Type: FK CONSTRAINT; Schema: public; Owner: maria
--

ALTER TABLE ONLY public.django_admin_log
    ADD CONSTRAINT django_admin_log_user_id_c564eba6_fk_auth_user_id FOREIGN KEY (user_id) REFERENCES public.auth_user(id) DEFERRABLE INITIALLY DEFERRED;


--
-- Name: effectiveness_efficiencybenefit effectiveness_effici_effectiveness_id_9570e1b9_fk_effective; Type: FK CONSTRAINT; Schema: public; Owner: maria
--

ALTER TABLE ONLY public.effectiveness_efficiencybenefit
    ADD CONSTRAINT effectiveness_effici_effectiveness_id_9570e1b9_fk_effective FOREIGN KEY (effectiveness_id) REFERENCES public.effectiveness_effectiveness(id) DEFERRABLE INITIALLY DEFERRED;


--
-- Name: efficiency_efficiencybenefit efficiency_efficienc_efficiency_id_6e89ae5f_fk_efficienc; Type: FK CONSTRAINT; Schema: public; Owner: maria
--

ALTER TABLE ONLY public.efficiency_efficiencybenefit
    ADD CONSTRAINT efficiency_efficienc_efficiency_id_6e89ae5f_fk_efficienc FOREIGN KEY (efficiency_id) REFERENCES public.efficiency_efficiency(id) DEFERRABLE INITIALLY DEFERRED;


--
-- Name: radio_radiobadge radio_radiobadge_radio_id_856d9015_fk_radio_radio_id; Type: FK CONSTRAINT; Schema: public; Owner: maria
--

ALTER TABLE ONLY public.radio_radiobadge
    ADD CONSTRAINT radio_radiobadge_radio_id_856d9015_fk_radio_radio_id FOREIGN KEY (radio_id) REFERENCES public.radio_radio(id) DEFERRABLE INITIALLY DEFERRED;


--
-- Name: radio_radioplaque radio_radioplaque_radio_id_b22dfc10_fk_radio_radio_id; Type: FK CONSTRAINT; Schema: public; Owner: maria
--

ALTER TABLE ONLY public.radio_radioplaque
    ADD CONSTRAINT radio_radioplaque_radio_id_b22dfc10_fk_radio_radio_id FOREIGN KEY (radio_id) REFERENCES public.radio_radio(id) DEFERRABLE INITIALLY DEFERRED;


--
-- Name: team_people team_people_team_id_66028d51_fk_team_team_id; Type: FK CONSTRAINT; Schema: public; Owner: maria
--

ALTER TABLE ONLY public.team_people
    ADD CONSTRAINT team_people_team_id_66028d51_fk_team_team_id FOREIGN KEY (team_id) REFERENCES public.team_team(id) DEFERRABLE INITIALLY DEFERRED;


--
-- PostgreSQL database dump complete
--

--
-- Database "postgres" dump
--

--
-- PostgreSQL database dump
--

-- Dumped from database version 17.0 (Debian 17.0-1.pgdg120+1)
-- Dumped by pg_dump version 17.0 (Debian 17.0-1.pgdg120+1)

SET statement_timeout = 0;
SET lock_timeout = 0;
SET idle_in_transaction_session_timeout = 0;
SET transaction_timeout = 0;
SET client_encoding = 'UTF8';
SET standard_conforming_strings = on;
SELECT pg_catalog.set_config('search_path', '', false);
SET check_function_bodies = false;
SET xmloption = content;
SET client_min_messages = warning;
SET row_security = off;

DROP DATABASE postgres;
--
-- Name: postgres; Type: DATABASE; Schema: -; Owner: maria
--

CREATE DATABASE postgres WITH TEMPLATE = template0 ENCODING = 'UTF8' LOCALE_PROVIDER = libc LOCALE = 'en_US.utf8';


ALTER DATABASE postgres OWNER TO maria;

\connect postgres

SET statement_timeout = 0;
SET lock_timeout = 0;
SET idle_in_transaction_session_timeout = 0;
SET transaction_timeout = 0;
SET client_encoding = 'UTF8';
SET standard_conforming_strings = on;
SELECT pg_catalog.set_config('search_path', '', false);
SET check_function_bodies = false;
SET xmloption = content;
SET client_min_messages = warning;
SET row_security = off;

--
-- Name: DATABASE postgres; Type: COMMENT; Schema: -; Owner: maria
--

COMMENT ON DATABASE postgres IS 'default administrative connection database';


--
-- PostgreSQL database dump complete
--

--
-- PostgreSQL database cluster dump complete
--

